--
-- PostgreSQL database dump
--

SET statement_timeout = 0;
SET client_encoding = 'UTF8';
SET standard_conforming_strings = on;
SET check_function_bodies = false;
SET client_min_messages = warning;

SET search_path = public, pg_catalog;

--
-- Data for Name: design_attempts; Type: TABLE DATA; Schema: public; Owner: wge_admin
--

COPY design_attempts (id, design_parameters, gene_id, status, fail, error, design_ids, species_id, created_by, created_at, comment, candidate_oligos, candidate_regions) FROM stdin;
56	{"primer_min_gc":"40","uuid":"BB807680-BE38-11E3-9E51-AD2BA5206598","region_length_5R":"100","dir":"/lustre/scratch110/sanger/team87/wge_designs/BB807680-BE38-11E3-9E51-AD2BA5206598","region_length_5F":"500","gibson_type":"deletion","region_offset_5F":"1000","command-name":"gibson-deletion-design-exon","primer_opt_tm":"60","user":"guest","exon_check_flank_length":"100","region_offset_5R":"1","target_type":"exon","primer_min_tm":"57","ensembl_gene_id":"ENSG00000140718","gene_id":"HGNC:24678","region_length_3F":"100","region_offset_3F":"1","build_id":73,"region_offset_3R":"1000","primer_min_size":"22","three_prime_exon":"ENSE00001319762","primer_max_gc":"60","five_prime_exon":"ENSE00003499057","primer_opt_gc_percent":"50","primer_max_tm":"63","species":"Human","region_length_3R":"500","create_design":"Create Gibson Design","assembly_id":"GRCh37","primer_max_size":"28","primer_opt_size":"25"}	HGNC:24678	success	\N	\N	20	Human	1	2014-04-07 10:41:02.517204	\N	{"5F":{"target_region_start":"53842451","region":"five_prime","gc_content":"40.000","target_region_end":"53844051","oligo_start":"53842634","oligo_end":"53842658","oligo_seq":"gagcctgaaatccagtttgtgttta","melting_temp":"59.990","oligo_length":"25","oligo":"5F","id":"5F-0","rank":"0","offset":"184","oligo_direction":"forward"},"3F":{"target_region_start":"53860404","region":"three_prime","gc_content":"44.000","target_region_end":"53862004","oligo_start":"53860465","oligo_end":"53860489","oligo_seq":"CTCTGGAGATACACACGCATATACA","melting_temp":"60.049","oligo_length":"25","oligo":"3F","id":"3F-0","rank":"0","offset":"62","oligo_direction":"forward"},"5R":{"target_region_start":"53842451","region":"five_prime","gc_content":"40.000","target_region_end":"53844051","oligo_start":"53843993","oligo_end":"53844017","oligo_seq":"gagtgtcttactttgggttattgca","melting_temp":"59.528","oligo_length":"25","oligo":"5R","id":"5R-0","rank":"0","offset":"1543","oligo_direction":"reverse"},"3R":{"target_region_start":"53860404","region":"three_prime","gc_content":"40.000","target_region_end":"53862004","oligo_start":"53861757","oligo_end":"53861781","oligo_seq":"CAAGAACTCTGATGTGAACGAACAA","melting_temp":"59.993","oligo_length":"25","oligo":"3R","id":"3R-0","rank":"0","offset":"1354","oligo_direction":"reverse"}}	{"five_prime":{"chromosome":"16","end":"53844051","start":"53842451"},"three_prime":{"chromosome":"16","end":"53862004","start":"53860404"}}
67	{"primer_min_gc":"40","uuid":"C28CC6C0-C150-11E3-82EB-6EE8A4206598","region_length_5R":"100","region_offset_5F":"1100","command-name":"gibson-deletion-design-location","user":"guest","region_offset_5R":"1","target_type":"location","region_length_3F":"100","region_offset_3F":"1","build_id":73,"primer_min_size":"22","primer_opt_gc_percent":"50","region_length_3R":"500","create_design":"Create Gibson Design","target_end":"64729700","dir":"/lustre/scratch110/sanger/team87/wge_designs/C28CC6C0-C150-11E3-82EB-6EE8A4206598","region_length_5F":"500","gibson_type":"deletion","primer_opt_tm":"60","chr_name":"6","primer_min_tm":"57","target_start":"64729368","region_offset_3R":"1000","gene_id":"MGI:104654","primer_max_gc":"60","species":"Mouse","primer_max_tm":"63","chr_strand":"1","assembly_id":"GRCm38","primer_max_size":"28","primer_opt_size":"25"}	MGI:104654	fail	{"oligo_Types":["5R"],"reasons":{"3F-2":"No unique genomic alignment","5R-1":"No unique genomic alignment","3F-3":"No unique genomic alignment","5R-0":"No unique genomic alignment","3F-0":"No unique genomic alignment"},"error":"Failed to find any valid oligos for one or more oligo types","class":"DesignCreate::Exception::OligoValidation"}	\N	\N	Mouse	1	2014-04-11 09:10:35.698933	\N	{"5F":{"target_region_start":"64727667","region":"five_prime","gc_content":"40.000","target_region_end":"64729367","oligo_start":"64727926","oligo_end":"64727950","oligo_seq":"TTCTGATTGGCTCTTTGTGGTAAAC","melting_temp":"59.990","oligo_length":"25","oligo":"5F","id":"5F-0","rank":"0","offset":"260","oligo_direction":"forward"},"3F":{"target_region_start":"64729701","region":"three_prime","gc_content":"50.000","target_region_end":"64731301","oligo_start":"64729772","oligo_end":"64729795","oligo_seq":"GAATGGGGTACAGAAGCAAAGGAG","melting_temp":"61.403","oligo_length":"24","oligo":"3F","id":"3F-1","rank":"1","offset":"72","oligo_direction":"forward"},"5R":{"target_region_start":"64727667","region":"five_prime","gc_content":"50.000","target_region_end":"64729367","oligo_start":"64729344","oligo_end":"64729367","oligo_seq":"GAAGAGTGGGCTGAGGTAAAAGAG","melting_temp":"60.861","oligo_length":"24","oligo":"5R","id":"5R-0","rank":"0","invalid":"No unique genomic alignment","offset":"1678","oligo_direction":"reverse"},"3R":{"target_region_start":"64729701","region":"three_prime","gc_content":"40.000","target_region_end":"64731301","oligo_start":"64731094","oligo_end":"64731118","oligo_seq":"ATTGCGTATTTGGACCCATTTCTAC","melting_temp":"59.933","oligo_length":"25","oligo":"3R","id":"3R-1","rank":"1","offset":"1394","oligo_direction":"reverse"}}	{"five_prime":{"chromosome":"6","end":"64729367","start":"64727667"},"three_prime":{"chromosome":"6","end":"64731301","start":"64729701"}}
68	{"primer_min_gc":"40","uuid":"F945B014-C150-11E3-BF12-69E8A4206598","region_length_5R":"100","region_offset_5F":"1100","command-name":"gibson-deletion-design-location","user":"guest","region_offset_5R":"1","target_type":"location","region_length_3F":"100","region_offset_3F":"1","build_id":73,"primer_min_size":"22","primer_opt_gc_percent":"50","region_length_3R":"500","create_design":"Create Gibson Design","target_end":"64729700","dir":"/lustre/scratch110/sanger/team87/wge_designs/F945B014-C150-11E3-BF12-69E8A4206598","region_length_5F":"500","gibson_type":"deletion","primer_opt_tm":"60","chr_name":"6","primer_min_tm":"57","target_start":"64729388","region_offset_3R":"1000","gene_id":"MGI:104654","primer_max_gc":"60","species":"Mouse","primer_max_tm":"63","chr_strand":"1","assembly_id":"GRCm38","primer_max_size":"28","primer_opt_size":"25"}	MGI:104654	success	\N	\N	10000005	Mouse	1	2014-04-11 09:12:07.513125	\N	{"5F":{"target_region_start":"64727687","region":"five_prime","gc_content":"40.000","target_region_end":"64729387","oligo_start":"64728123","oligo_end":"64728147","oligo_seq":"GAATCACAAAGAACCCAAAGACCTT","melting_temp":"59.931","oligo_length":"25","oligo":"5F","id":"5F-1","rank":"1","offset":"437","oligo_direction":"forward"},"3F":{"target_region_start":"64729701","region":"three_prime","gc_content":"50.000","target_region_end":"64731301","oligo_start":"64729772","oligo_end":"64729795","oligo_seq":"GAATGGGGTACAGAAGCAAAGGAG","melting_temp":"61.403","oligo_length":"24","oligo":"3F","id":"3F-1","rank":"1","offset":"72","oligo_direction":"forward"},"5R":{"target_region_start":"64727687","region":"five_prime","gc_content":"52.174","target_region_end":"64729387","oligo_start":"64729354","oligo_end":"64729376","oligo_seq":"CTGAGGTAAAAGAGTTGGGGGAC","melting_temp":"60.559","oligo_length":"23","oligo":"5R","id":"5R-1","rank":"1","offset":"1668","oligo_direction":"reverse"},"3R":{"target_region_start":"64729701","region":"three_prime","gc_content":"40.000","target_region_end":"64731301","oligo_start":"64731094","oligo_end":"64731118","oligo_seq":"ATTGCGTATTTGGACCCATTTCTAC","melting_temp":"59.933","oligo_length":"25","oligo":"3R","id":"3R-1","rank":"1","offset":"1394","oligo_direction":"reverse"}}	{"five_prime":{"chromosome":"6","end":"64729387","start":"64727687"},"three_prime":{"chromosome":"6","end":"64731301","start":"64729701"}}
39	{"primer_min_gc":"40","region_length_5R":"100","dir":"/lustre/scratch109/sanger/team87/wge_designs/FC7CB470-AB8F-11E3-9256-A1C959DEC09E/workdir","persist":"1","region_length_5F":"500","region_offset_5F":"1000","command-name":"gibson-deletion-design-exon","primer_opt_tm":"60","debug":"1","exon_check_flank_length":"100","region_offset_5R":"1","primer_min_tm":"57","region_offset_3R":"1200","region_offset_3F":"1","region_length_3F":"200","primer_min_size":"22","primer_max_gc":"60","five_prime_exon":"ENSE00000893952","primer_opt_gc_percent":"50","species":"Human","primer_max_tm":"63","region_length_3R":"500","primer_max_size":"28","target_genes":["HGNC:613"],"primer_opt_size":"25","da_id":"39","created_by":"guest"}	HGNC:613	success	\N	\N	12	Human	1	2014-03-14 15:47:45.909467	\N	\N	\N
62	{"primer_min_gc":"40","uuid":"02B58064-C0C2-11E3-A6EF-6BE8A4206598","region_length_5R":"80","region_offset_5F":"1100","command-name":"gibson-deletion-design-location","user":"guest","target_type":"location","region_offset_5R":"1","build_id":73,"region_offset_3F":"1","region_length_3F":"100","primer_min_size":"22","primer_opt_gc_percent":"50","region_length_3R":"500","create_design":"Create Gibson Design","target_end":"64729700","dir":"/lustre/scratch110/sanger/team87/wge_designs/02B58064-C0C2-11E3-A6EF-6BE8A4206598","region_length_5F":"500","gibson_type":"deletion","primer_opt_tm":"60","primer_min_tm":"57","ensembl_gene_id":"ENSMUSG00000073043","chr_name":"6","target_start":"64729328","gene_id":"MGI:104654","region_offset_3R":"1000","primer_max_gc":"60","primer_max_tm":"63","species":"Mouse","chr_strand":"1","assembly_id":"GRCm38","primer_max_size":"28","primer_opt_size":"25"}	MGI:104654	success	\N	\N	10000003	Mouse	1	2014-04-10 16:08:45.302841	\N	{"5F":{"target_region_start":"64727647","region":"five_prime","gc_content":"40.000","target_region_end":"64729327","oligo_start":"64727926","oligo_end":"64727950","oligo_seq":"TTCTGATTGGCTCTTTGTGGTAAAC","melting_temp":"59.990","oligo_length":"25","oligo":"5F","id":"5F-0","rank":"0","offset":"280","oligo_direction":"forward"},"3F":{"target_region_start":"64729701","region":"three_prime","gc_content":"50.000","target_region_end":"64731301","oligo_start":"64729772","oligo_end":"64729795","oligo_seq":"GAATGGGGTACAGAAGCAAAGGAG","melting_temp":"61.403","oligo_length":"24","oligo":"3F","id":"3F-1","rank":"1","offset":"72","oligo_direction":"forward"},"5R":{"target_region_start":"64727647","region":"five_prime","gc_content":"48.000","target_region_end":"64729327","oligo_start":"64729253","oligo_end":"64729277","oligo_seq":"CTTATCCCCTTCGTTGAACTGGGTT","melting_temp":"62.784","oligo_length":"25","oligo":"5R","id":"5R-0","rank":"0","offset":"1607","oligo_direction":"reverse"},"3R":{"target_region_start":"64729701","region":"three_prime","gc_content":"40.000","target_region_end":"64731301","oligo_start":"64731094","oligo_end":"64731118","oligo_seq":"ATTGCGTATTTGGACCCATTTCTAC","melting_temp":"59.933","oligo_length":"25","oligo":"3R","id":"3R-1","rank":"1","offset":"1394","oligo_direction":"reverse"}}	{"five_prime":{"chromosome":"6","end":"64729327","start":"64727647"},"three_prime":{"chromosome":"6","end":"64731301","start":"64729701"}}
45	{"primer_min_gc":"40","region_length_5R":"100","dir":"/lustre/scratch109/sanger/team87/wge_designs/9E3C0FBE-ADBF-11E3-B7AF-A0C959DEC09E/workdir","persist":"1","region_length_5F":"500","region_offset_5F":"1000","command-name":"gibson-deletion-design-exon","primer_opt_tm":"60","debug":"1","exon_check_flank_length":"100","region_offset_5R":"1","primer_min_tm":"57","region_offset_3R":"1000","region_offset_3F":"1","region_length_3F":"100","primer_min_size":"22","primer_max_gc":"60","five_prime_exon":"ENSE00000893952","primer_opt_gc_percent":"50","species":"Human","primer_max_tm":"63","region_length_3R":"500","primer_max_size":"28","target_genes":["HGNC:613"],"primer_opt_size":"25","da_id":"45","created_by":"guest"}	HGNC:613	fail	{"oligo_Types":["3R"],"reasons":{"3R-1":"No unique genomic alignment","3F-2":"No unique genomic alignment","5R-3":"No unique genomic alignment","3R-2":"No unique genomic alignment","3F-0":"No unique genomic alignment","3R-0":"No unique genomic alignment"},"error":"Failed to find any valid oligos for one or more oligo types","class":"DesignCreate::Exception::OligoValidation"}	\N	\N	Human	1	2014-03-17 10:33:45.647026	\N	\N	\N
69	{"primer_min_gc":"40","uuid":"DCDCBD18-C49E-11E3-8E06-3176575A4BE7","region_length_5R":"100","dir":"/lustre/scratch110/sanger/team87/wge_designs/DCDCBD18-C49E-11E3-8E06-3176575A4BE7","region_length_5F":"500","gibson_type":"deletion","region_offset_5F":"1000","command-name":"gibson-deletion-design-exon","primer_opt_tm":"60","user":"guest","exon_check_flank_length":"100","region_offset_5R":"0","target_type":"exon","primer_min_tm":"57","ensembl_gene_id":"ENSMUSG00000024900","gene_id":"MGI:1098296","region_length_3F":"100","region_offset_3F":"0","build_id":73,"region_offset_3R":"1000","primer_min_size":"22","five_prime_exon":"ENSMUSE00000145992","primer_max_gc":"60","primer_opt_gc_percent":"50","primer_max_tm":"63","species":"Mouse","region_length_3R":"500","create_design":"Create Gibson Design","assembly_id":"GRCm38","primer_max_size":"28","primer_opt_size":"25"}	MGI:1098296	pending	\N	\N	\N	Mouse	1	2014-04-15 14:07:14.120949	\N	\N	\N
31	{"primer_min_gc":"40","region_length_5R":"100","region_offset_5F":"1000","command-name":"gibson-deletion-design-exon","region_offset_5R":"200","assembly":"GRCh37","region_offset_3F":"100","design_method":"gibson-deletion","region_length_3F":"100","primer_min_size":"22","three_prime_exon":null,"five_prime_exon":"ENSE00003608112","primer_opt_gc_percent":"50","region_length_3R":"500","repeat_mask_class":["trf","dust"],"target_end":"100003267","created_by":"guest","ensembl-version":"homo_sapiens_core_73_37","region_length_5F":"500","oligo_three_prime_align":"0","primer_opt_tm":"60","primer_lowercase_masking":null,"exon_check_flank_length":"100","chr_name":"4","primer_min_tm":"57","target_start":"100003126","region_offset_3R":"1000","primer_max_gc":"60","species":"Human","primer_max_tm":"63","chr_strand":"-1","target_genes":["HGNC:253"],"primer_max_size":"28","software_version":"0.021","primer_opt_size":"25"}	HGNC:253	success	\N	\N	6	Human	1	2014-03-05 14:44:24.228007	\N	\N	\N
35	{"primer_min_gc":"40","region_length_5R":"100","region_offset_5F":"1000","command-name":"gibson-deletion-design-exon","region_offset_5R":"1","assembly":"GRCm38","region_offset_3F":"1","design_method":"gibson-deletion","region_length_3F":"100","primer_min_size":"22","three_prime_exon":null,"five_prime_exon":"ENSMUSE00001221817","primer_opt_gc_percent":"50","region_length_3R":"500","repeat_mask_class":[],"target_end":"63204755","created_by":"guest","ensembl-version":"mus_musculus_core_73_38","region_length_5F":"500","oligo_three_prime_align":"0","primer_opt_tm":"60","primer_lowercase_masking":null,"exon_check_flank_length":"100","chr_name":"14","primer_min_tm":"57","target_start":"63204589","region_offset_3R":"1000","primer_max_gc":"60","species":"Mouse","primer_max_tm":"63","chr_strand":"-1","target_genes":["MGI:95664"],"primer_max_size":"28","software_version":"0.021","primer_opt_size":"25"}	MGI:95664	success	\N	\N	10	Mouse	1	2014-03-06 12:08:09.193956	\N	\N	\N
33	{"primer_min_gc":"40","region_length_5R":"100","region_offset_5F":"1000","command-name":"gibson-deletion-design-exon","region_offset_5R":"300","assembly":"GRCm38","region_offset_3F":"100","design_method":"gibson-deletion","region_length_3F":"100","primer_min_size":"22","three_prime_exon":null,"five_prime_exon":"ENSMUSE00000145987","primer_opt_gc_percent":"50","region_length_3R":"500","repeat_mask_class":[],"target_end":"3371677","created_by":"guest","ensembl-version":"mus_musculus_core_73_38","region_length_5F":"500","oligo_three_prime_align":"0","primer_opt_tm":"60","primer_lowercase_masking":null,"exon_check_flank_length":"100","chr_name":"19","primer_min_tm":"57","target_start":"3371572","region_offset_3R":"1000","primer_max_gc":"60","species":"Mouse","primer_max_tm":"63","chr_strand":"1","target_genes":["MGI:1098296"],"primer_max_size":"28","software_version":"0.021","primer_opt_size":"25"}	MGI:1098296	success	\N	\N	8	Mouse	1	2014-03-06 09:38:31.489529	\N	\N	\N
32	{"primer_min_gc":"40","region_length_5R":"100","region_offset_5F":"1000","command-name":"gibson-deletion-design-exon","region_offset_5R":"1","assembly":"GRCm38","region_offset_3F":"1","design_method":"gibson-deletion","region_length_3F":"100","primer_min_size":"22","three_prime_exon":"ENSMUSE00000226956","five_prime_exon":"ENSMUSE00000226974","primer_opt_gc_percent":"50","region_length_3R":"500","repeat_mask_class":[],"target_end":"53128862","created_by":"guest","ensembl-version":"mus_musculus_core_73_38","region_length_5F":"500","oligo_three_prime_align":"0","primer_opt_tm":"60","primer_lowercase_masking":null,"exon_check_flank_length":"100","chr_name":"4","primer_min_tm":"57","target_start":"53109164","region_offset_3R":"1000","primer_max_gc":"60","species":"Mouse","primer_max_tm":"63","chr_strand":"-1","target_genes":["MGI:99607"],"primer_max_size":"28","software_version":"0.021","primer_opt_size":"25"}	MGI:99607	success	\N	\N	7	Mouse	1	2014-03-05 14:59:50.931367	\N	\N	\N
34	{"primer_min_gc":"40","region_length_5R":"100","region_offset_5F":"900","command-name":"gibson-deletion-design-exon","region_offset_5R":"300","assembly":"GRCm38","region_offset_3F":"100","design_method":"gibson-deletion","region_length_3F":"100","primer_min_size":"22","three_prime_exon":null,"five_prime_exon":"ENSMUSE00000145987","primer_opt_gc_percent":"50","region_length_3R":"200","repeat_mask_class":[],"target_end":"3371677","created_by":"guest","ensembl-version":"mus_musculus_core_73_38","region_length_5F":"200","oligo_three_prime_align":"0","primer_opt_tm":"60","primer_lowercase_masking":null,"exon_check_flank_length":"100","chr_name":"19","primer_min_tm":"57","target_start":"3371572","region_offset_3R":"900","primer_max_gc":"60","species":"Mouse","primer_max_tm":"63","chr_strand":"1","target_genes":["MGI:1098296"],"primer_max_size":"28","software_version":"0.021","primer_opt_size":"25"}	MGI:1098296	success	\N	\N	9	Mouse	1	2014-03-06 10:46:28.379638	\N	\N	\N
36	{"primer_min_gc":"40","region_length_5R":"100","region_offset_5F":"1000","command-name":"gibson-deletion-design-exon","region_offset_5R":"1","assembly":"GRCm38","region_offset_3F":"1","design_method":"gibson-deletion","region_length_3F":"100","primer_min_size":"22","three_prime_exon":null,"five_prime_exon":"ENSMUSE00001215457","primer_opt_gc_percent":"50","region_length_3R":"500","repeat_mask_class":[],"target_end":"120471603","created_by":"guest","ensembl-version":"mus_musculus_core_73_38","region_length_5F":"500","oligo_three_prime_align":"0","primer_opt_tm":"60","primer_lowercase_masking":null,"exon_check_flank_length":"100","chr_name":"11","primer_min_tm":"57","target_start":"120471480","region_offset_3R":"1000","primer_max_gc":"60","species":"Mouse","primer_max_tm":"63","chr_strand":"1","target_genes":["MGI:104681"],"primer_max_size":"28","software_version":"0.021","primer_opt_size":"25"}	MGI:104681	success	\N	\N	11	Mouse	1	2014-03-07 09:52:36.035064	\N	\N	\N
38	{"primer_min_gc":"40","region_length_5R":"100","dir":"/lustre/scratch109/sanger/team87/wge_designs/26EA5222-AB85-11E3-A179-A0C959DEC09E/workdir","persist":"1","region_length_5F":"500","region_offset_5F":"1000","command-name":"gibson-deletion-design-exon","primer_opt_tm":"60","debug":"1","exon_check_flank_length":"100","region_offset_5R":"1","primer_min_tm":"57","region_offset_3R":"1000","region_offset_3F":"1","region_length_3F":"100","primer_min_size":"22","primer_max_gc":"60","five_prime_exon":"ENSE00000893952","primer_opt_gc_percent":"50","species":"Human","primer_max_tm":"63","region_length_3R":"500","primer_max_size":"28","target_genes":["HGNC:613"],"primer_opt_size":"25","da_id":"38","created_by":"guest"}	HGNC:613	fail	{"oligo_Types":["3R"],"reasons":{"3R-1":"No unique genomic alignment","3F-2":"No unique genomic alignment","5R-3":"No unique genomic alignment","3R-2":"No unique genomic alignment","3F-0":"No unique genomic alignment","3R-0":"No unique genomic alignment"},"error":"Failed to find any valid oligos for one or more oligo types","class":"DesignCreate::Exception::OligoValidation"}	\N	\N	Human	1	2014-03-14 14:30:14.451768	\N	\N	\N
37	{"primer_min_gc":"40","region_length_5R":"100","dir":"/lustre/scratch109/sanger/team87/wge_designs/28BF2050-A9EB-11E3-94CC-9FC959DEC09E/workdir","persist":"1","region_length_5F":"500","region_offset_5F":"1000","command-name":"gibson-deletion-design-exon","primer_opt_tm":"60","debug":"1","exon_check_flank_length":"100","region_offset_5R":"1","primer_min_tm":"57","region_offset_3R":"1000","region_offset_3F":"1","region_length_3F":"100","primer_min_size":"22","primer_max_gc":"60","five_prime_exon":"ENSMUSE00000883247","primer_opt_gc_percent":"50","species":"Mouse","primer_max_tm":"63","region_length_3R":"500","primer_max_size":"28","target_genes":["MGI:108051"],"primer_opt_size":"25","da_id":"37","created_by":"guest"}	MGI:108051	fail	{"regions":["five_prime","three_prime"],"reasons":{"five_prime":{"SEQUENCE_TEMPLATE":"TTAAGATCACTTTTAACAGGGCATTCTGTATTAAAGCTGTTGATTTCTATCAGTATAAAGAAGGGTTGTAAGTCAGAACCAGTTTTCCTCCTTCCAATCTGAGCACCATTTGTCTTAACTACATTCCCAGGTGGCTCTGGAAGGCTGAAACAAGAAAGTTCCTTAACTGATGCCCCTCAAACTTCACTTTTAttttggtggtgctggggttaaaatcagggcctaggatgggccacacaagtgctctgcccgggaagctctatcctctgcccATTAACGTGGGAATTATGTGGACTTCCTCCAAAACTGCTAACAGAAGAAACCACCCTCTGAAGGTGACTTTCTGCTAAGTTCTTGTTAGCATAAATATTTGTCCATAAGCAAAGGGAAGTTAATGATCTTTATCTTTCCTTTAATTTCAAAGTCCTGTTCATGTTTACATTCATGATTTCTTTTTAATTATGGAAGTCTATAACATTTTTCATTTATAATATGTAAGTTGGTATCATGATCATATAAGTTCGTACCACTCTGTCAAAGGTCTTGGATTTGGAGTAGAGTTGCGTTCAAAACTATGACTGGCTTACATCTGGGGTGAGCCACATCTTTCCCCTAAGAATAGTGGTGAAGATTTTGAAAGCCTATTTTAAAAACCCTGAATGTCTGAAGGGAAGAGCAAATAACTCAAGGTCCACATACAGACCCCTGCTCTGGGATGCCCTCACATCTGAGGAGAGAGCATGCTCCACTCTAAAGTGCTTCAAGCACTATTGTGTTGGTTCTCCTGCACTGCTCTGTAGTGCTAGTGAGGCTTGCTGGATTAACGTATAGGTGGGCACGACCAACGAAACTATTTTACCACTAGCAACCTGAAAGAGGCATTGCAAATTTAGGTTTATTATCCTAACACAGTCTTTCATCTGCCGGGGTTGAGTCAAAATCAACCTGGTCACACCACTGCGAGTAGTCTGAAATTTGGGAACTTGGTGAGAAAAGTCTAGGAACAGGGACACAGCGAAGGAAAAATGTGGTAGAGAGAAGCCAGCAAATCAAGGAGCACACGCATAGGTGCTCACACTTCACAATGAGCATTCGAAGTGTGTAGCACTAATACTTTACTTCAGAAGAACCCACGGCTCGGGCTGGAGAAACACACCCAGGAGCTGCCCAGCCCTAATACCAACCGCACGGACAAGAACAGCTCGGCGGTTTTCGCCACCCGCCCCCGCCCCCCTCCAAGCACGAGGCCCCGCCCACTCATTTGCATAGGGCGCGCCCCTCAGCGGCCAGGACCCAGGCTGCTTCAGAGCTCTGCCAGCCCAAGCGGCTCAGACCCGGCTGGGGGCGGGCCCGGGCCGGAGCACGTGTCCATTCCGGCCTCACGACGGAGGTGGGCGAGGGCTTAGCCGCGGCGCTCCACCCAGAGGCGCCGGGGCGGGGGTCTGCGGGCGTGGCACGCCGCGCGGCCTTCCGCGATCCTCCACGAGCCCGGTGGGAGCGCGCCGGACACGAACTCAAGCGCAACCGCGGGCGTACCAACCCACCCGGCCTCGCCTCGCCTCACGCTCGACGGGGAAGGCGGAACCAATCAGCGAGCGACG","PRIMER_RIGHT_EXPLAIN":"considered 532, GC content failed 519, high tm 13, ok 0","PRIMER_LEFT_EXPLAIN":"considered 3332, GC content failed 1887, low tm 40, high tm 615, ok 790"},"three_prime":{"SEQUENCE_TEMPLATE":"GTaggtgcgcggcggccagggcggtggcgcggggtgcgggcggtgccggggcgcggggccgcggcgagcggagcgggcggcgccctcctcggccggccgcggcgagcgcgggcctgggggcggggcgggggcccgcggcgcagttccgcctgcgcgcgcCCACTCCTCCGGCAGCGCGGAGCCCGTCGGAAGAGGAAGGAACAAAAGGTCCGGGGCCCGGCTCGGACGGGCCGGGACCAGGCGCTGGGTGCAGGTAAAGCCGGGGCGCCCGGGGAACCGGGCAGGAGTGTGCCGGGCCGGGTCACGTGGCCGCCCGTGTGGGGTGTGGCGGCGGGCCGTGGCGCGCGGGCCAGGGTCGGCGCCGTGGGCAGGGCCGCGAGCCCCCGCCCCGCCCAGCCTGACTGCGGCCCGCTTCTGTCCCGGCGCGCGGCCGCTCTCGCTCTGTGCCTTGCAGAATGGCCCCGGAGTCGAGTTAGGGGCGTGTGGTACTTTGCTTATActtttcctttttctttttcttttttttttctttCCTGTGGCCTTTGTTAACCGTAACAGTCGCGGGTTCCGAATCACTGTGTGTACTCAGAAACACGCTCGTGGCTGAGGCTGCCCGGGCTCATCCTCCACGCACTTGGGAAAGTTGCTCCGTGGGTACAGCCTATTAGTTTCTAATCACACGCCTTTAGGAAGCATGCTAATTGAGTGCACTTATTTCAGATTGGTTTTCACAATCGGTGCTTGGATTTATTTTCTTCTAGGGATACTGTCCTTGGGCCAGGTACTTTTGTCCTCTTACCCTTGCGTGTTATGGTTTCCTTGTGAATCTAAACAAAAGAAAAACAAAAATCGAGGTTGGTTTTGTTATTCATTCCTTTTACACTTAAAGGCAAACACTACCTGTTTGTTGTCACGCCAATaaaaaagaaaaaaaaTGCCCAGGTGAAAATAATTCCGCAGCAGCATCCCGCCTTATTGTCATGCCTTGTTAGGACATTCTAAATGGCGATGTTTGTAACTAATGAAACGACGTGTAAATAAATGAACCATCAGGCAAATTTATCTGAAGATTATCTTTACAAAAAATGGCACCCTGGTATGTCAATTTACAAAATTTCTTGTTTCTGATTTCCTGACTTAACCCCATAACACTGATGAAAAGGATTTTTCTATTGAGCCTAACACTAGAATGCATTTGCTGCCGTGCTGGAAATATCTTTCCTATTAGTTTACTTTGGTTCCTGTAAAAAGCATTTTTCCCCTTAGCAGAGGCGTGTTAAGTAGTTAAAACGAAGTTGGAATAGTTTCAATCCATGAGTTAGTGAAGCAGATGGAATCCAGACATGGGAGAAGCAAATGTATTATAgttttaagttttttctttttctttttATTCCCCCCTCTCCCATTTAGCTATGAAACAGCTCCATAAAGAGGGGTTCCCCCCTCCCATTAGATCATTTGGCAAATGTTTATGTTTAATCCATAAAGTAACATTGATGTTACTTTTAAAATTTCTTTGTTTTTGCATAAACTTACCTGTGGTGATGAGAAAATTTGTGGACTTTTAAAAGCTGAATGCCCAGGTACATGCTTAATGT","PRIMER_RIGHT_EXPLAIN":"considered 3146, GC content failed 2133, low tm 54, high tm 348, long poly-x seq 40, ok 571","PRIMER_LEFT_EXPLAIN":"considered 532, GC content failed 532, ok 0"}},"error":"Primer3 failed to find oligos","class":"DesignCreate::Exception::Primer3FailedFindOligos"}	\N	\N	Mouse	1	2014-03-12 13:35:22.114907	\N	\N	\N
46	{"primer_min_gc":"40","region_length_5R":"100","dir":"/lustre/scratch109/sanger/team87/wge_designs/5E1EF35A-ADC0-11E3-953D-A1C959DEC09E/workdir","persist":"1","region_length_5F":"500","region_offset_5F":"1000","command-name":"gibson-deletion-design-exon","primer_opt_tm":"60","debug":"1","exon_check_flank_length":"100","region_offset_5R":"1","primer_min_tm":"57","region_offset_3R":"1200","region_offset_3F":"1","region_length_3F":"200","primer_min_size":"22","primer_max_gc":"60","five_prime_exon":"ENSE00000893952","primer_opt_gc_percent":"50","species":"Human","primer_max_tm":"63","region_length_3R":"500","primer_max_size":"28","target_genes":["HGNC:613"],"primer_opt_size":"25","da_id":"46","created_by":"guest"}	HGNC:613	success	\N	\N	15	Human	1	2014-03-17 10:39:07.577971	\N	\N	\N
57	{"primer_min_gc":"40","uuid":"17EA44D8-BF50-11E3-A34B-6FE8A4206598","region_length_5R":"100","dir":"/lustre/scratch110/sanger/team87/wge_designs/17EA44D8-BF50-11E3-A34B-6FE8A4206598","region_length_5F":"500","gibson_type":"deletion","region_offset_5F":"1000","command-name":"gibson-deletion-design-exon","primer_opt_tm":"60","user":"guest","exon_check_flank_length":"100","region_offset_5R":"1","target_type":"exon","primer_min_tm":"57","ensembl_gene_id":"ENSMUSG00000012396","gene_id":"MGI:1919200","region_length_3F":"100","region_offset_3F":"1","build_id":73,"region_offset_3R":"1000","primer_min_size":"22","five_prime_exon":"ENSMUSE00000197495","primer_max_gc":"60","primer_opt_gc_percent":"50","primer_max_tm":"63","species":"Mouse","region_length_3R":"500","create_design":"Create Gibson Design","assembly_id":"GRCm38","primer_max_size":"28","primer_opt_size":"25"}	MGI:1919200	success	\N	\N	10000001	Mouse	1	2014-04-08 20:00:47.137588	\N	{"5F":{"target_region_start":"122709937","region":"five_prime","gc_content":"44.000","target_region_end":"122711537","oligo_start":"122710247","oligo_end":"122710271","oligo_seq":"GGATTGGAAAGAGCAGACTACAAAC","melting_temp":"60.107","oligo_length":"25","oligo":"5F","id":"5F-1","rank":"1","offset":"311","oligo_direction":"forward"},"3F":{"target_region_start":"122711804","region":"three_prime","gc_content":"40.000","target_region_end":"122713404","oligo_start":"122711839","oligo_end":"122711863","oligo_seq":"TGAGACTGACTTGCTAATGAATCGA","melting_temp":"60.106","oligo_length":"25","oligo":"3F","id":"3F-1","rank":"1","offset":"36","oligo_direction":"forward"},"5R":{"target_region_start":"122709937","region":"five_prime","gc_content":"40.000","target_region_end":"122711537","oligo_start":"122711484","oligo_end":"122711508","oligo_seq":"tgccaggctGAGAATGTCTTATTTA","melting_temp":"60.339","oligo_length":"25","oligo":"5R","id":"5R-1","rank":"1","offset":"1548","oligo_direction":"reverse"},"3R":{"target_region_start":"122711804","region":"three_prime","gc_content":"40.000","target_region_end":"122713404","oligo_start":"122713124","oligo_end":"122713148","oligo_seq":"ATTAATCACCTCTTTCAGAAGGGCT","melting_temp":"60.045","oligo_length":"25","oligo":"3R","id":"3R-1","rank":"1","offset":"1321","oligo_direction":"reverse"}}	{"five_prime":{"chromosome":"6","end":"122711537","start":"122709937"},"three_prime":{"chromosome":"6","end":"122713404","start":"122711804"}}
40	{"primer_min_gc":"40","region_length_5R":"100","dir":"/lustre/scratch109/sanger/team87/wge_designs/7AE1ACD4-AD17-11E3-9614-A3C959DEC09E/workdir","persist":"1","region_length_5F":"500","region_offset_5F":"1000","command-name":"gibson-deletion-design-exon","primer_opt_tm":"60","debug":"1","exon_check_flank_length":"100","region_offset_5R":"1","primer_min_tm":"57","region_offset_3R":"1000","region_offset_3F":"1","region_length_3F":"100","primer_min_size":"22","primer_max_gc":"60","five_prime_exon":"ENSE00000893952","primer_opt_gc_percent":"50","species":"Human","primer_max_tm":"63","region_length_3R":"500","primer_max_size":"28","target_genes":["HGNC:613"],"primer_opt_size":"25","da_id":"40","created_by":"guest"}	HGNC:613	fail	{"oligo_Types":["3R"],"reasons":{"3R-1":"No unique genomic alignment","3F-2":"No unique genomic alignment","5R-3":"No unique genomic alignment","3R-2":"No unique genomic alignment","3F-0":"No unique genomic alignment","3R-0":"No unique genomic alignment"},"error":"Failed to find any valid oligos for one or more oligo types","class":"DesignCreate::Exception::OligoValidation"}	\N	\N	Human	1	2014-03-16 14:30:12.977997	\N	\N	\N
43	{"primer_min_gc":"40","region_length_5R":"100","dir":"/lustre/scratch109/sanger/team87/wge_designs/E28D2826-AD22-11E3-A7DB-A3C959DEC09E/workdir","persist":"1","region_length_5F":"500","region_offset_5F":"1000","command-name":"gibson-deletion-design-exon","primer_opt_tm":"60","debug":"1","exon_check_flank_length":"100","region_offset_5R":"1","primer_min_tm":"57","region_offset_3R":"1000","region_offset_3F":"1","region_length_3F":"100","primer_min_size":"22","primer_max_gc":"60","five_prime_exon":"ENSE00000893952","primer_opt_gc_percent":"50","species":"Human","primer_max_tm":"63","region_length_3R":"500","primer_max_size":"28","target_genes":["HGNC:613"],"primer_opt_size":"25","da_id":"43","created_by":"guest"}	HGNC:613	fail	{"oligo_Types":["3R"],"reasons":{"3R-1":"No unique genomic alignment","3F-2":"No unique genomic alignment","5R-3":"No unique genomic alignment","3R-2":"No unique genomic alignment","3F-0":"No unique genomic alignment","3R-0":"No unique genomic alignment"},"error":"Failed to find any valid oligos for one or more oligo types","class":"DesignCreate::Exception::OligoValidation"}	\N	\N	Human	1	2014-03-16 15:51:49.702956	\N	\N	\N
42	{"primer_min_gc":"40","region_length_5R":"100","dir":"/lustre/scratch109/sanger/team87/wge_designs/8E1DD4A4-AD1B-11E3-A3AB-A4C959DEC09E/workdir","persist":"1","region_length_5F":"500","region_offset_5F":"500","command-name":"gibson-deletion-design-exon","primer_opt_tm":"60","debug":"1","exon_check_flank_length":"100","region_offset_5R":"100","primer_min_tm":"57","region_offset_3R":"500","region_offset_3F":"100","region_length_3F":"100","primer_min_size":"22","primer_max_gc":"60","five_prime_exon":"ENSE00003577086","primer_opt_gc_percent":"50","species":"Human","primer_max_tm":"63","region_length_3R":"500","primer_max_size":"28","target_genes":["HGNC:613"],"primer_opt_size":"25","da_id":"42","created_by":"guest"}	HGNC:613	success	\N	\N	13	Human	1	2014-03-16 14:59:21.432827	\N	\N	\N
41	{"primer_min_gc":"40","region_length_5R":"100","dir":"/lustre/scratch109/sanger/team87/wge_designs/B668CBAA-AD19-11E3-B031-9FC959DEC09E/workdir","persist":"1","region_length_5F":"500","region_offset_5F":"1000","command-name":"gibson-deletion-design-exon","primer_opt_tm":"60","debug":"1","exon_check_flank_length":"100","region_offset_5R":"1","primer_min_tm":"57","region_offset_3R":"1000","region_offset_3F":"1","region_length_3F":"100","primer_min_size":"22","primer_max_gc":"60","five_prime_exon":"ENSE00003577086","primer_opt_gc_percent":"50","species":"Human","primer_max_tm":"63","region_length_3R":"500","primer_max_size":"28","target_genes":["HGNC:613"],"primer_opt_size":"25","da_id":"41","created_by":"guest"}	HGNC:613	fail	{"oligo_Types":["3F"],"reasons":{"5F-1":"No unique genomic alignment","3F-0":"No unique genomic alignment","5F-0":"No unique genomic alignment","5R-4":"No unique genomic alignment"},"error":"Failed to find any valid oligos for one or more oligo types","class":"DesignCreate::Exception::OligoValidation"}	\N	\N	Human	1	2014-03-16 14:46:09.741855	\N	\N	\N
44	{"primer_min_gc":"40","region_length_5R":"100","dir":"/lustre/scratch109/sanger/team87/wge_designs/6A9767A4-AD23-11E3-B7AF-A0C959DEC09E/workdir","persist":"1","region_length_5F":"500","region_offset_5F":"1000","command-name":"gibson-deletion-design-exon","primer_opt_tm":"60","debug":"1","exon_check_flank_length":"100","region_offset_5R":"1","primer_min_tm":"57","region_offset_3R":"1200","region_offset_3F":"1","region_length_3F":"200","primer_min_size":"22","primer_max_gc":"60","five_prime_exon":"ENSE00000893952","primer_opt_gc_percent":"50","species":"Human","primer_max_tm":"63","region_length_3R":"500","primer_max_size":"28","target_genes":["HGNC:613"],"primer_opt_size":"25","da_id":"44","created_by":"guest"}	HGNC:613	success	\N	\N	14	Human	1	2014-03-16 15:55:37.507564	\N	\N	\N
48	{"primer_min_gc":"40","region_length_5R":"100","dir":"/lustre/scratch109/sanger/team87/wge_designs/09D232EA-ADC9-11E3-BA8E-A2C959DEC09E/workdir","persist":"1","region_length_5F":"500","region_offset_5F":"1000","command-name":"gibson-deletion-design-exon","primer_opt_tm":"60","debug":"1","exon_check_flank_length":"100","region_offset_5R":"1","primer_min_tm":"57","region_offset_3R":"1000","region_offset_3F":"1","region_length_3F":"100","primer_min_size":"22","primer_max_gc":"60","five_prime_exon":"ENSMUSE00000218693","primer_opt_gc_percent":"50","species":"Mouse","primer_max_tm":"63","region_length_3R":"500","primer_max_size":"28","target_genes":["MGI:88582"],"primer_opt_size":"25","da_id":"48","created_by":"guest"}	MGI:88582	success	\N	\N	16	Mouse	1	2014-03-17 11:41:11.635639	\N	\N	\N
47	{"primer_min_gc":"40","region_length_5R":"100","dir":"/lustre/scratch109/sanger/team87/wge_designs/E662929C-ADC7-11E3-8C6D-9FC959DEC09E/workdir","persist":"1","region_length_5F":"500","region_offset_5F":"1000","command-name":"gibson-deletion-design-exon","primer_opt_tm":"60","debug":"1","exon_check_flank_length":"100","region_offset_5R":"1","primer_min_tm":"57","region_offset_3R":"1000","region_offset_3F":"1","region_length_3F":"100","primer_min_size":"22","primer_max_gc":"60","five_prime_exon":"ENSMUSE00000231320","primer_opt_gc_percent":"50","species":"Mouse","primer_max_tm":"63","region_length_3R":"500","primer_max_size":"28","target_genes":["MGI:88057"],"primer_opt_size":"25","da_id":"47","created_by":"guest"}	MGI:88057	success	\N	\N	18	Mouse	1	2014-03-17 11:33:02.669502	\N	\N	\N
50	{"primer_min_gc":"40","region_length_5R":"100","dir":"/lustre/scratch109/sanger/team87/wge_designs/F4FE28F4-ADDE-11E3-9236-A1C959DEC09E/workdir","persist":"1","region_length_5F":"500","region_offset_5F":"1000","command-name":"gibson-deletion-design-exon","primer_opt_tm":"60","debug":"1","exon_check_flank_length":"100","region_offset_5R":"1","primer_min_tm":"57","region_offset_3R":"1000","region_offset_3F":"1","region_length_3F":"100","primer_min_size":"22","primer_max_gc":"60","five_prime_exon":"ENSE00000893952","primer_opt_gc_percent":"50","species":"Human","primer_max_tm":"63","region_length_3R":"500","primer_max_size":"28","target_genes":["HGNC:613"],"primer_opt_size":"25","da_id":"50","created_by":"guest"}	HGNC:613	fail	{"oligo_Types":["3R"],"reasons":{"3R-1":"No unique genomic alignment","3F-2":"No unique genomic alignment","5R-3":"No unique genomic alignment","3R-2":"No unique genomic alignment","3F-0":"No unique genomic alignment","3R-0":"No unique genomic alignment"},"error":"Failed to find any valid oligos for one or more oligo types","class":"DesignCreate::Exception::OligoValidation"}	\N	\N	Human	1	2014-03-17 14:18:05.788766	\N	\N	\N
49	{"primer_min_gc":"40","region_length_5R":"100","dir":"/lustre/scratch109/sanger/team87/wge_designs/058D006A-ADCA-11E3-9A19-A1C959DEC09E/workdir","persist":"1","region_length_5F":"500","region_offset_5F":"1000","command-name":"gibson-deletion-design-exon","primer_opt_tm":"60","debug":"1","exon_check_flank_length":"100","region_offset_5R":"1","primer_min_tm":"57","region_offset_3R":"1000","region_offset_3F":"1","region_length_3F":"100","primer_min_size":"22","primer_max_gc":"60","five_prime_exon":"ENSMUSE00001256074","primer_opt_gc_percent":"50","species":"Mouse","primer_max_tm":"63","region_length_3R":"500","primer_max_size":"28","target_genes":["MGI:88276"],"primer_opt_size":"25","da_id":"49","created_by":"guest"}	MGI:88276	success	\N	\N	17	Mouse	1	2014-03-17 11:48:13.948037	\N	\N	\N
55	{"primer_min_gc":"40","uuid":"6294D4EC-B4F8-11E3-960C-8ED980E11B8C","region_length_5R":"100","region_offset_5F":"1000","command-name":"gibson-deletion-design-location","user":"guest","target_type":"location","region_offset_5R":"1","build_id":73,"region_offset_3F":"100","region_length_3F":"100","primer_min_size":"22","primer_opt_gc_percent":"50","region_length_3R":"500","create_design":"Create Gibson Design","target_end":"63241171","dir":"/lustre/scratch110/sanger/team87/wge_designs/6294D4EC-B4F8-11E3-960C-8ED980E11B8C","region_length_5F":"500","gibson_type":"deletion","primer_opt_tm":"60","primer_min_tm":"57","ensembl_gene_id":"ENSMUSG00000021944","chr_name":"14","target_start":"63241102","gene_id":"MGI:95664","region_offset_3R":"1000","primer_max_gc":"60","primer_max_tm":"63","species":"Mouse","chr_strand":"-1","assembly_id":"GRCm38","primer_max_size":"28","primer_opt_size":"25"}	MGI:95664	fail	{"regions":["three_prime"],"reasons":{"three_prime":{"SEQUENCE_TEMPLATE":"GGGCCTGTCCTACCTGCAGGGCGGTGGCAGTGCCGCTGCAGCTGGAACCACCTCGGGTGGCAGCTCCGGGGCCGGCCCGTCGGGTGCAGGGCCTGGGACCCAGCAGGGTAGCCCTGGCTGGAGCCAAGCTGGAGCCGAGGGAGCCGCCTACACCCCGCCGCCCGTGTCCCCGCGCTTCTCTTTCCCGGGGACTACTGGGTCCCTGGCGgccgctgccgccgctgccgcAGCCCGGGAAGCTGCAGCCTACGGCAGTGGCGGCGGGGCGGCGGGCGCTGGTCTGGCTGGCCGAGAGCAGTACGGGCGTCCGGGCTTCGCCGGCTCCTACTCCAGCCCCTACCCAGCCTACATGGCCGACGTGGGAGCATCCTGGGCCGCAGCCGCTGCCGCCTCTGCCGGCCCCTTCGACAGCCCAGTCCTGCACAGCCTGCCTGGACGGGCCAACCCTGGAAGACACCCCAATCTCGGTGAGTTACCTTAGGGCCTTGAGCCCAGTCTGGGACATTCAAGTTTCCCAACTCTGTTGGGGTTGAGGAACATCCTTGATGCAAGGAGCCTCCCAGGAAGGCAGCCCAGAAGTCAGAGACTCCAGGTGGTGGTGGTGGTGGGCCACAGTGATGATGAGTAGCCTGGTCACCAGGATCCAGCAATGTCTGGGTAGCCTACTGGTGGCAGTGGGAGGTGTTGGGTTCTCTAGGGTCAGCTGGAACAGTCTGGATGTGATATCTGGGATTCAGCCCTTACTTCCTCCATCCCTTCCTCTGAGACCTCAACAAACTTGAGACCTGCGCCATTTGGCAACTAGGTTAGAGGATCCCCCAGGGTTGCAGATGACTTTCCTGTAGGGGGTTTTCACGCCGGAAATAAATGAGGAGATCAGCAAAGGAGACCGCCAGAGGTGGGTTAAACTGGAGCCTAGCCCTGCTTGAGTCCTCAGGCACACTCTGGGGTCTCATGGAGCCACTCCCTTGTCAGATACTTTAGGTCAGTGTCTGGGGACAGTGCAGAGGGGGTTTTTTCTAGTGCCTGGATTAAATGGAGAATTTGTAGGGCTGCCTCTTTCTCAGGAAGCCAGATTAACCTTAACAATGGCCAGTATGCCCATCCAATGTCAGACTCGGAGGGACAGCAACTTGCCCACTTACACAATCTACACACTGAACTAACTTTCAGAGGGGCCCTAGCCACTTGGGCCAGGGGAAAGAAAGGAAAGTGGCTGTCCACTCGTACAAAATGCCAAAGAGCCTATTTCTGGAATGGAATGGAGGTGCAGTTTGGATGGAGCTGGCTCTAGGGGAAGAGAGGAAGCACAGACTTGAGAAACAAAGTTAATGTTTATTGACTACCTACTAAGTGCTAAATCCTCTTGCATTTGCTGTCACTTTGAAGAGTAAAGTCTATCCCTTGCCACTCCCTGGGTGGCCATGGAAGGTCCCTCAAGAggggggggTCTAGCCAAACATACATCTCAGGTACACTGATTAACAGGAAAAGTGGCGCCAGAGATGGGTTTGTGGCTACCAATGTCTTCCTCCCCCCGCAGGGCCAAGAAGACAACACCCAGAGGAAGGAGCACAGAGCAGGGTGGTAGTTTCCATCTG","PRIMER_RIGHT_EXPLAIN":"considered 3268, GC content failed 1313, low tm 57, high tm 1143, long poly-x seq 15, ok 740","PRIMER_LEFT_EXPLAIN":"considered 532, GC content failed 532, ok 0"}},"error":"Primer3 failed to find oligos","class":"DesignCreate::Exception::Primer3FailedFindOligos"}	\N	\N	Mouse	1	2014-03-26 15:07:45.372454	\N	{"5F":{"target_region_start":"63241172","gc_content":"40.000","region":"five_prime","target_region_end":"63242772","oligo_start":63242519,"oligo_end":63242543,"oligo_seq":"CACCCAAACCAGAATTGATTCTTGA","oligo_length":25,"melting_temp":"59.989","oligo":"5F","id":"5F-0","rank":0,"invalid":"Not validated","offset":1347,"oligo_direction":"forward"},"5R":{"target_region_start":"63241172","gc_content":"40.000","region":"five_prime","target_region_end":"63242772","oligo_start":63241198,"oligo_end":63241222,"oligo_seq":"CGGAACTGTCACcaaaaatcaaaac","oligo_length":25,"melting_temp":"59.995","oligo":"5R","id":"5R-0","rank":0,"invalid":"Not validated","offset":26,"oligo_direction":"reverse"}}	{"five_prime":{"chromosome":"14","end":"63242772","start":"63241172"},"three_prime":{"chromosome":"14","end":"63241002","start":"63239402"}}
60	{"primer_min_gc":"40","uuid":"08352CA2-C0C1-11E3-9B9F-69E8A4206598","region_length_5R":"60","region_offset_5F":"1000","command-name":"gibson-deletion-design-location","user":"guest","target_type":"location","region_offset_5R":"1","build_id":73,"region_offset_3F":"1","region_length_3F":"100","primer_min_size":"22","primer_opt_gc_percent":"50","region_length_3R":"500","create_design":"Create Gibson Design","target_end":"64729700","dir":"/lustre/scratch110/sanger/team87/wge_designs/08352CA2-C0C1-11E3-9B9F-69E8A4206598","region_length_5F":"500","gibson_type":"deletion","primer_opt_tm":"60","primer_min_tm":"57","ensembl_gene_id":"ENSMUSG00000073043","chr_name":"6","target_start":"64729328","gene_id":"MGI:104654","region_offset_3R":"1000","primer_max_gc":"60","primer_max_tm":"63","species":"Mouse","chr_strand":"1","assembly_id":"GRCm38","primer_max_size":"28","primer_opt_size":"25"}	MGI:104654	fail	{"oligo_Types":["5R"],"reasons":{"3F-2":"No unique genomic alignment","3F-3":"No unique genomic alignment","5R-0":"No unique genomic alignment","3F-0":"No unique genomic alignment"},"error":"Failed to find any valid oligos for one or more oligo types","class":"DesignCreate::Exception::OligoValidation"}	\N	\N	Mouse	1	2014-04-10 16:01:45.056196	\N	{"5F":{"target_region_start":"64727767","region":"five_prime","gc_content":"40.000","target_region_end":"64729327","oligo_start":"64727926","oligo_end":"64727950","oligo_seq":"TTCTGATTGGCTCTTTGTGGTAAAC","melting_temp":"59.990","oligo_length":"25","oligo":"5F","id":"5F-0","rank":"0","offset":"160","oligo_direction":"forward"},"3F":{"target_region_start":"64729701","region":"three_prime","gc_content":"50.000","target_region_end":"64731301","oligo_start":"64729772","oligo_end":"64729795","oligo_seq":"GAATGGGGTACAGAAGCAAAGGAG","melting_temp":"61.403","oligo_length":"24","oligo":"3F","id":"3F-1","rank":"1","offset":"72","oligo_direction":"forward"},"5R":{"target_region_start":"64727767","region":"five_prime","gc_content":"54.545","target_region_end":"64729327","oligo_start":"64729275","oligo_end":"64729296","oligo_seq":"GTTGCCAGCACCTCCTCTAACA","melting_temp":"62.514","oligo_length":"22","oligo":"5R","id":"5R-0","rank":"0","invalid":"No unique genomic alignment","offset":"1509","oligo_direction":"reverse"},"3R":{"target_region_start":"64729701","region":"three_prime","gc_content":"40.000","target_region_end":"64731301","oligo_start":"64731094","oligo_end":"64731118","oligo_seq":"ATTGCGTATTTGGACCCATTTCTAC","melting_temp":"59.933","oligo_length":"25","oligo":"3R","id":"3R-1","rank":"1","offset":"1394","oligo_direction":"reverse"}}	{"five_prime":{"chromosome":"6","end":"64729327","start":"64727767"},"three_prime":{"chromosome":"6","end":"64731301","start":"64729701"}}
58	{"primer_min_gc":"40","uuid":"73EFD286-C0C0-11E3-A207-6BE8A4206598","region_length_5R":"100","region_offset_5F":"1000","command-name":"gibson-deletion-design-location","user":"guest","target_type":"location","region_offset_5R":"1","build_id":73,"region_offset_3F":"1","region_length_3F":"100","primer_min_size":"22","primer_opt_gc_percent":"50","region_length_3R":"500","create_design":"Create Gibson Design","target_end":"64729700","dir":"/lustre/scratch110/sanger/team87/wge_designs/73EFD286-C0C0-11E3-A207-6BE8A4206598","region_length_5F":"500","gibson_type":"deletion","primer_opt_tm":"60","primer_min_tm":"57","ensembl_gene_id":"ENSMUSG00000073043","chr_name":"6","target_start":"64729328","gene_id":"MGI:104654","region_offset_3R":"1000","primer_max_gc":"60","primer_max_tm":"63","species":"Mouse","chr_strand":"1","assembly_id":"GRCm38","primer_max_size":"28","primer_opt_size":"25"}	MGI:104654	success	\N	\N	10000002	Mouse	1	2014-04-10 15:57:36.32611	\N	{"5F":{"target_region_start":"64727727","region":"five_prime","gc_content":"40.000","target_region_end":"64729327","oligo_start":"64728112","oligo_end":"64728136","oligo_seq":"CAAAATGCCCAGAATCACAAAGAAC","melting_temp":"59.822","oligo_length":"25","oligo":"5F","id":"5F-2","rank":"2","offset":"386","oligo_direction":"forward"},"3F":{"target_region_start":"64729701","region":"three_prime","gc_content":"50.000","target_region_end":"64731301","oligo_start":"64729772","oligo_end":"64729795","oligo_seq":"GAATGGGGTACAGAAGCAAAGGAG","melting_temp":"61.403","oligo_length":"24","oligo":"3F","id":"3F-1","rank":"1","offset":"72","oligo_direction":"forward"},"5R":{"target_region_start":"64727727","region":"five_prime","gc_content":"48.000","target_region_end":"64729327","oligo_start":"64729253","oligo_end":"64729277","oligo_seq":"CTTATCCCCTTCGTTGAACTGGGTT","melting_temp":"62.784","oligo_length":"25","oligo":"5R","id":"5R-2","rank":"2","offset":"1527","oligo_direction":"reverse"},"3R":{"target_region_start":"64729701","region":"three_prime","gc_content":"40.000","target_region_end":"64731301","oligo_start":"64731094","oligo_end":"64731118","oligo_seq":"ATTGCGTATTTGGACCCATTTCTAC","melting_temp":"59.933","oligo_length":"25","oligo":"3R","id":"3R-1","rank":"1","offset":"1394","oligo_direction":"reverse"}}	{"five_prime":{"chromosome":"6","end":"64729327","start":"64727727"},"three_prime":{"chromosome":"6","end":"64731301","start":"64729701"}}
51	{"primer_min_gc":"40","uuid":"1EC8EA2C-AF3B-11E3-84AA-C84BDA9A292C","region_length_5R":"100","dir":"/lustre/scratch110/sanger/team87/wge_designs/1EC8EA2C-AF3B-11E3-84AA-C84BDA9A292C","region_length_5F":"500","gibson_type":"deletion","region_offset_5F":"1000","command-name":"gibson-deletion-design-exon","primer_opt_tm":"60","user":"guest","exon_check_flank_length":"100","region_offset_5R":"1","target_type":"exon","primer_min_tm":"57","gene_id":"HGNC:613","region_length_3F":"100","region_offset_3F":"1","build_id":73,"region_offset_3R":"1000","primer_min_size":"22","primer_max_gc":"60","five_prime_exon":"ENSE00000893952","primer_opt_gc_percent":"50","primer_max_tm":"63","species":"Human","region_length_3R":"500","create_design":"Create Gibson Design","assembly_id":"GRCh37","primer_max_size":"28","primer_opt_size":"25"}	HGNC:613	fail	{"oligo_Types":["3R"],"reasons":{"3R-1":"No unique genomic alignment","3F-2":"No unique genomic alignment","5R-3":"No unique genomic alignment","3R-2":"No unique genomic alignment","3F-0":"No unique genomic alignment","3R-0":"No unique genomic alignment"},"error":"Failed to find any valid oligos for one or more oligo types","class":"DesignCreate::Exception::OligoValidation"}	\N	\N	Human	1	2014-03-19 07:50:20.642583	\N	{"5F":{"target_region_start":"45409416","region":"five_prime","gc_content":"44.000","target_region_end":"45411016","oligo_start":"45409668","oligo_end":"45409692","oligo_seq":"ATAAGAGAAGACCAGGAGGGAGTTA","melting_temp":"60.043","oligo_length":"25","oligo":"5F","id":"5F-0","rank":"0","offset":"253","oligo_direction":"forward"},"3F":{"target_region_start":"45411210","region":"three_prime","gc_content":"54.545","target_region_end":"45412810","oligo_start":"45411261","oligo_end":"45411282","oligo_seq":"CCCAGGTCCAGGTTTCATTCTG","melting_temp":"60.881","oligo_length":"22","oligo":"3F","id":"3F-0","rank":"0","invalid":"No unique genomic alignment","offset":"52","oligo_direction":"forward"},"5R":{"target_region_start":"45409416","region":"five_prime","gc_content":"47.826","target_region_end":"45411016","oligo_start":"45410994","oligo_end":"45411016","oligo_seq":"CACCTTGAACTTGTTCCACACAG","melting_temp":"60.181","oligo_length":"23","oligo":"5R","id":"5R-0","rank":"0","offset":"1579","oligo_direction":"reverse"},"3R":{"target_region_start":"45411210","region":"three_prime","gc_content":"40.000","target_region_end":"45412810","oligo_start":"45412744","oligo_end":"45412768","oligo_seq":"TCCATCTGTGTCTGTGTGTATCTTT","melting_temp":"59.988","oligo_length":"25","oligo":"3R","id":"3R-0","rank":"0","invalid":"No unique genomic alignment","offset":"1535","oligo_direction":"reverse"}}	{"five_prime":{"chromosome":"19","end":"45411016","start":"45409416"},"three_prime":{"chromosome":"19","end":"45412810","start":"45411210"}}
59	{"primer_min_gc":"40","uuid":"D7D0D78C-C0C0-11E3-A207-6BE8A4206598","region_length_5R":"50","region_offset_5F":"1000","command-name":"gibson-deletion-design-location","user":"guest","target_type":"location","region_offset_5R":"1","build_id":73,"region_offset_3F":"1","region_length_3F":"100","primer_min_size":"22","primer_opt_gc_percent":"50","region_length_3R":"500","create_design":"Create Gibson Design","target_end":"64729700","dir":"/lustre/scratch110/sanger/team87/wge_designs/D7D0D78C-C0C0-11E3-A207-6BE8A4206598","region_length_5F":"500","gibson_type":"deletion","primer_opt_tm":"60","primer_min_tm":"57","ensembl_gene_id":"ENSMUSG00000073043","chr_name":"6","target_start":"64729328","gene_id":"MGI:104654","region_offset_3R":"1000","primer_max_gc":"60","primer_max_tm":"63","species":"Mouse","chr_strand":"1","assembly_id":"GRCm38","primer_max_size":"28","primer_opt_size":"25"}	MGI:104654	fail	{"regions":["five_prime"],"reasons":{"five_prime":{"SEQUENCE_TEMPLATE":"GGAAGACGAAAGTCCTCCTAGAGTAGCAACCACCCTGAAAATCGAAAGCACCAGCCACAGTTGCCACCCACTCTGGTGCCCCAGGGACGAAGAAAGCCCAAACTGGAGAGCACTAGGAGCAAGCTGGGGCGTGTCCCGAGCCAGGAAGTTTCTGATTGGCTCTTTGTGGTAAACTACCAGGCGGAGGGCTAAAGAGGTAGGAGGGGAGCGGTTTATAGAGGGAGTGAACACCCTAACTAAACAGAGCGGGACAGGTGGGTTTGACTGTGGTTTCTGGGCGTTTGCGCAAGAAGCCACGCGCACTAGTAAACCGGGGCCTCCCGAGGCAGCAGTTTCAAAATGCCCAGAATCACAAAGAACCCAAAGACCTTTTGCACTAATTCCGGCAGCCTCCTGTGGCTCTGCGTTTATGAGTCCTACGCTGTGAGTTTTGAAACTGTTTGCATGATCCCTTGCGATAGCTCAGCGTAGCGCGATATCCTCCGCGAAGGGCTTTTGCAGACTGAGACCCTAACGGGCTCTAAGAAACACGCTCAAAGGCTCCTGGGGCAATCCCGATTTTGGTATGTCATAACTATACCGCAGCTTTACTTTCCATTaaaaaaaaaaaagactacatgaaaaaaaaTCCAAGTACTATGTGGACCAAGAGATGCAGACAAAGTCAAAATTAAGAAATACGTTCCCAGAAGCGAATGGTTTTCACCTTGTTCTGATTTTTGATTAGACGCCACTTAACACTTCTACAAATTAAATGTGCAATAGGTAAGAGCTATATACACACCTCTCTATATGTATTTCTGTCACATTGCACATGGGCGATTTTACGAGTTTCTTGAGAGCTGTGATCCAGGCTTGGAGGGATCTCAGGCCAGGCGGGCTACTCCAGTTGGTGCCCCGAAGGCTCTAGGCGCGTCCAGCTTGGCCGGGAGCCGCCTACCCTGGGTCTCATCTGAGCTGGGGCCGCTAGGACACCAGCCGGGAGCCCGCTTCTTCTCCCCTCCCACCCCCCATTCCCCTCACTCAGGTCGCCTGGGAGGTGACACCCTCAGGAGTCGAATTACAGCCCCACAATTAACATATGAATTTCCAGAACTGACTAGAGGGACAAGGGGGAAtttttttttctttttttttttttttCCAGAGCCAGAGCTGAACTCCTCGGCACACAGTAACTTTTCACTGGGTGTAAAAACTCTTTGATTGGCTCCTCGCACGCGCCTGCCCGCCCCCTTCTTTGACTGGGCAGACACGCGACTGGCGCAAGGAGGGGGCTGGGAGGGGAGCCGGGGGAGATACACTGGCGCGTGCCGCTTTTTAAAGGGGCGCAGCGCCTTCAGCAACCGGAGAAGCTTCGTTGCACGCGACCTGGTGTGCGATCTCCGAGTGAGAGGGGGAGGGTCAGAGGAGGAAGGaaaaaaaaTCAGACCTTGCAGAAGAGACTAGGAAGGTTTTTGTTGTTGTTGTTCGGGGCTTATCCCCTTCGTTGAACTGGGTTGCCAGCACCTCCTCTAACACGGCACCTCCGAGCCATTGCAGTGCGATGTC","PRIMER_RIGHT_EXPLAIN":"considered 182, GC content failed 134, high tm 48, ok 0","PRIMER_LEFT_EXPLAIN":"considered 3332, GC content failed 1102, low tm 28, high tm 1471, ok 731"}},"error":"Primer3 failed to find oligos","class":"DesignCreate::Exception::Primer3FailedFindOligos"}	\N	\N	Mouse	1	2014-04-10 16:00:23.844149	\N	{"3F":{"target_region_start":"64729701","gc_content":"45.833","region":"three_prime","target_region_end":"64731301","oligo_start":64729764,"oligo_end":64729787,"oligo_seq":"AAACAGGTGAATGGGGTACAGAAG","oligo_length":24,"melting_temp":"60.750","oligo":"3F","id":"3F-0","rank":0,"invalid":"Not validated","offset":"64","oligo_direction":"forward"},"3R":{"target_region_start":"64729701","gc_content":"40.000","region":"three_prime","target_region_end":"64731301","oligo_start":64731172,"oligo_end":64731196,"oligo_seq":"CAAATCCAGTTGCCATTGCTTTATG","oligo_length":25,"melting_temp":"59.936","oligo":"3R","id":"3R-0","rank":0,"invalid":"Not validated","offset":1472,"oligo_direction":"reverse"}}	{"five_prime":{"chromosome":"6","end":"64729327","start":"64727777"},"three_prime":{"chromosome":"6","end":"64731301","start":"64729701"}}
61	{"primer_min_gc":"40","uuid":"A8138980-C0C1-11E3-B182-6FE8A4206598","region_length_5R":"70","region_offset_5F":"1000","command-name":"gibson-deletion-design-location","user":"guest","target_type":"location","region_offset_5R":"1","build_id":73,"region_offset_3F":"1","region_length_3F":"100","primer_min_size":"22","primer_opt_gc_percent":"50","region_length_3R":"500","create_design":"Create Gibson Design","target_end":"64729700","dir":"/lustre/scratch110/sanger/team87/wge_designs/A8138980-C0C1-11E3-B182-6FE8A4206598","region_length_5F":"500","gibson_type":"deletion","primer_opt_tm":"60","primer_min_tm":"57","ensembl_gene_id":"ENSMUSG00000073043","chr_name":"6","target_start":"64729328","gene_id":"MGI:104654","region_offset_3R":"1000","primer_max_gc":"60","primer_max_tm":"63","species":"Mouse","chr_strand":"1","assembly_id":"GRCm38","primer_max_size":"28","primer_opt_size":"25"}	MGI:104654	fail	{"oligo_Types":["5R"],"reasons":{"3F-2":"No unique genomic alignment","3F-3":"No unique genomic alignment","5R-0":"No unique genomic alignment","3F-0":"No unique genomic alignment"},"error":"Failed to find any valid oligos for one or more oligo types","class":"DesignCreate::Exception::OligoValidation"}	\N	\N	Mouse	1	2014-04-10 16:06:13.248278	\N	{"5F":{"target_region_start":"64727757","region":"five_prime","gc_content":"40.000","target_region_end":"64729327","oligo_start":"64727926","oligo_end":"64727950","oligo_seq":"TTCTGATTGGCTCTTTGTGGTAAAC","melting_temp":"59.990","oligo_length":"25","oligo":"5F","id":"5F-0","rank":"0","offset":"170","oligo_direction":"forward"},"3F":{"target_region_start":"64729701","region":"three_prime","gc_content":"50.000","target_region_end":"64731301","oligo_start":"64729772","oligo_end":"64729795","oligo_seq":"GAATGGGGTACAGAAGCAAAGGAG","melting_temp":"61.403","oligo_length":"24","oligo":"3F","id":"3F-1","rank":"1","offset":"72","oligo_direction":"forward"},"5R":{"target_region_start":"64727757","region":"five_prime","gc_content":"54.545","target_region_end":"64729327","oligo_start":"64729275","oligo_end":"64729296","oligo_seq":"GTTGCCAGCACCTCCTCTAACA","melting_temp":"62.514","oligo_length":"22","oligo":"5R","id":"5R-0","rank":"0","invalid":"No unique genomic alignment","offset":"1519","oligo_direction":"reverse"},"3R":{"target_region_start":"64729701","region":"three_prime","gc_content":"40.000","target_region_end":"64731301","oligo_start":"64731094","oligo_end":"64731118","oligo_seq":"ATTGCGTATTTGGACCCATTTCTAC","melting_temp":"59.933","oligo_length":"25","oligo":"3R","id":"3R-1","rank":"1","offset":"1394","oligo_direction":"reverse"}}	{"five_prime":{"chromosome":"6","end":"64729327","start":"64727757"},"three_prime":{"chromosome":"6","end":"64731301","start":"64729701"}}
52	{"primer_min_gc":"40","uuid":"C70AF19C-AF88-11E3-B50E-C54BDA9A292C","region_length_5R":"100","dir":"/lustre/scratch110/sanger/team87/wge_designs/C70AF19C-AF88-11E3-B50E-C54BDA9A292C","region_length_5F":"500","gibson_type":"deletion","region_offset_5F":"1000","command-name":"gibson-deletion-design-exon","primer_opt_tm":"60","user":"guest","exon_check_flank_length":"100","region_offset_5R":"1","target_type":"exon","primer_min_tm":"57","ensembl_gene_id":"ENSG00000108468","gene_id":"HGNC:1551","region_length_3F":"100","region_offset_3F":"1","build_id":73,"region_offset_3R":"1000","primer_min_size":"22","five_prime_exon":"ENSE00002771605","primer_max_gc":"60","primer_opt_gc_percent":"50","primer_max_tm":"63","species":"Human","region_length_3R":"500","create_design":"Create Gibson Design","assembly_id":"GRCh37","primer_max_size":"28","primer_opt_size":"25"}	HGNC:1551	fail	{"oligo_Types":["5F"],"reasons":{"3R-1":"No unique genomic alignment","5F-1":"No unique genomic alignment","5F-3":"No unique genomic alignment","5F-0":"No unique genomic alignment","5F-2":"No unique genomic alignment","3R-5":"No unique genomic alignment","5F-4":"No unique genomic alignment"},"error":"Failed to find any valid oligos for one or more oligo types","class":"DesignCreate::Exception::OligoValidation"}	\N	\N	Human	1	2014-03-19 17:06:14.122044	\N	{"5F":{"target_region_start":"46154404","region":"five_prime","gc_content":"40.000","target_region_end":"46156004","oligo_start":"46155909","oligo_end":"46155933","oligo_seq":"tggtgtgatctcaatttactgcaac","melting_temp":"60.049","oligo_length":"25","oligo":"5F","id":"5F-0","rank":"0","invalid":"No unique genomic alignment","offset":"1505","oligo_direction":"forward"},"3F":{"target_region_start":"46152626","region":"three_prime","gc_content":"40.000","target_region_end":"46154226","oligo_start":"46154183","oligo_end":"46154207","oligo_seq":"ATAAACACGTGGTGGCTACATTTAC","melting_temp":"59.877","oligo_length":"25","oligo":"3F","id":"3F-0","rank":"0","offset":"1557","oligo_direction":"forward"},"5R":{"target_region_start":"46154404","region":"five_prime","gc_content":"40.000","target_region_end":"46156004","oligo_start":"46154419","oligo_end":"46154443","oligo_seq":"AAATAAAAAGGGCATTAGGGAGCAC","melting_temp":"60.105","oligo_length":"25","oligo":"5R","id":"5R-0","rank":"0","offset":"15","oligo_direction":"reverse"},"3R":{"target_region_start":"46152626","region":"three_prime","gc_content":"40.000","target_region_end":"46154226","oligo_start":"46152908","oligo_end":"46152932","oligo_seq":"AGCTGTTAGAATCCTTTGGAGTGAT","melting_temp":"60.045","oligo_length":"25","oligo":"3R","id":"3R-0","rank":"0","offset":"282","oligo_direction":"reverse"}}	{"five_prime":{"chromosome":"17","end":"46156004","start":"46154404"},"three_prime":{"chromosome":"17","end":"46154226","start":"46152626"}}
64	{"primer_min_gc":"40","uuid":"364CFAE6-C0C3-11E3-B9E1-6CE8A4206598","region_length_5R":"40","region_offset_5F":"1150","command-name":"gibson-deletion-design-location","user":"guest","target_type":"location","region_offset_5R":"1","build_id":73,"region_offset_3F":"1","region_length_3F":"100","primer_min_size":"22","primer_opt_gc_percent":"50","region_length_3R":"500","create_design":"Create Gibson Design","target_end":"64729700","dir":"/lustre/scratch110/sanger/team87/wge_designs/364CFAE6-C0C3-11E3-B9E1-6CE8A4206598","region_length_5F":"500","gibson_type":"deletion","primer_opt_tm":"60","primer_min_tm":"57","ensembl_gene_id":"ENSMUSG00000073043","chr_name":"6","target_start":"64729328","gene_id":"MGI:104654","region_offset_3R":"1000","primer_max_gc":"60","primer_max_tm":"63","species":"Mouse","chr_strand":"1","assembly_id":"GRCm38","primer_max_size":"28","primer_opt_size":"25"}	MGI:104654	fail	{"regions":["five_prime"],"reasons":{"five_prime":{"SEQUENCE_TEMPLATE":"AGTTTACTCCAGCCGCTGAAATCCTTCGCACAAGGAGCTCCAGATGGCAGGTTGGATCAGGTCCCTGCTAGCGGAACATTTCAACGGCACTGGACCCTGCAAAGACAGGTTCCAGGGAGCTTTCTGCGGTACCATCTGCCGGAAGACGAAAGTCCTCCTAGAGTAGCAACCACCCTGAAAATCGAAAGCACCAGCCACAGTTGCCACCCACTCTGGTGCCCCAGGGACGAAGAAAGCCCAAACTGGAGAGCACTAGGAGCAAGCTGGGGCGTGTCCCGAGCCAGGAAGTTTCTGATTGGCTCTTTGTGGTAAACTACCAGGCGGAGGGCTAAAGAGGTAGGAGGGGAGCGGTTTATAGAGGGAGTGAACACCCTAACTAAACAGAGCGGGACAGGTGGGTTTGACTGTGGTTTCTGGGCGTTTGCGCAAGAAGCCACGCGCACTAGTAAACCGGGGCCTCCCGAGGCAGCAGTTTCAAAATGCCCAGAATCACAAAGAACCCAAAGACCTTTTGCACTAATTCCGGCAGCCTCCTGTGGCTCTGCGTTTATGAGTCCTACGCTGTGAGTTTTGAAACTGTTTGCATGATCCCTTGCGATAGCTCAGCGTAGCGCGATATCCTCCGCGAAGGGCTTTTGCAGACTGAGACCCTAACGGGCTCTAAGAAACACGCTCAAAGGCTCCTGGGGCAATCCCGATTTTGGTATGTCATAACTATACCGCAGCTTTACTTTCCATTaaaaaaaaaaaagactacatgaaaaaaaaTCCAAGTACTATGTGGACCAAGAGATGCAGACAAAGTCAAAATTAAGAAATACGTTCCCAGAAGCGAATGGTTTTCACCTTGTTCTGATTTTTGATTAGACGCCACTTAACACTTCTACAAATTAAATGTGCAATAGGTAAGAGCTATATACACACCTCTCTATATGTATTTCTGTCACATTGCACATGGGCGATTTTACGAGTTTCTTGAGAGCTGTGATCCAGGCTTGGAGGGATCTCAGGCCAGGCGGGCTACTCCAGTTGGTGCCCCGAAGGCTCTAGGCGCGTCCAGCTTGGCCGGGAGCCGCCTACCCTGGGTCTCATCTGAGCTGGGGCCGCTAGGACACCAGCCGGGAGCCCGCTTCTTCTCCCCTCCCACCCCCCATTCCCCTCACTCAGGTCGCCTGGGAGGTGACACCCTCAGGAGTCGAATTACAGCCCCACAATTAACATATGAATTTCCAGAACTGACTAGAGGGACAAGGGGGAAtttttttttctttttttttttttttCCAGAGCCAGAGCTGAACTCCTCGGCACACAGTAACTTTTCACTGGGTGTAAAAACTCTTTGATTGGCTCCTCGCACGCGCCTGCCCGCCCCCTTCTTTGACTGGGCAGACACGCGACTGGCGCAAGGAGGGGGCTGGGAGGGGAGCCGGGGGAGATACACTGGCGCGTGCCGCTTTTTAAAGGGGCGCAGCGCCTTCAGCAACCGGAGAAGCTTCGTTGCACGCGACCTGGTGTGCGATCTCCGAGTGAGAGGGGGAGGGTCAGAGGAGGAAGGaaaaaaaaTCAGACCTTGCAGAAGAGACTAGGAAGGTTTTTGTTGTTGTTGTTCGGGGCTTATCCCCTTCGTTGAACTGGGTTGCCAGCACCTCCTCTAACACGGCACCTCCGAGCCATTGCAGTGCGATGTC","PRIMER_RIGHT_EXPLAIN":"considered 112, GC content failed 75, high tm 37, ok 0","PRIMER_LEFT_EXPLAIN":"considered 3332, GC content failed 923, low tm 25, high tm 1823, ok 561"}},"error":"Primer3 failed to find oligos","class":"DesignCreate::Exception::Primer3FailedFindOligos"}	\N	\N	Mouse	1	2014-04-10 16:17:21.367638	\N	{"3F":{"target_region_start":"64729701","gc_content":"45.833","region":"three_prime","target_region_end":"64731301","oligo_start":64729764,"oligo_end":64729787,"oligo_seq":"AAACAGGTGAATGGGGTACAGAAG","oligo_length":24,"melting_temp":"60.750","oligo":"3F","id":"3F-0","rank":0,"invalid":"Not validated","offset":"64","oligo_direction":"forward"},"3R":{"target_region_start":"64729701","gc_content":"40.000","region":"three_prime","target_region_end":"64731301","oligo_start":64731172,"oligo_end":64731196,"oligo_seq":"CAAATCCAGTTGCCATTGCTTTATG","oligo_length":25,"melting_temp":"59.936","oligo":"3R","id":"3R-0","rank":0,"invalid":"Not validated","offset":1472,"oligo_direction":"reverse"}}	{"five_prime":{"chromosome":"6","end":"64729327","start":"64727637"},"three_prime":{"chromosome":"6","end":"64731301","start":"64729701"}}
53	{"primer_min_gc":"40","uuid":"45BCBDD8-B0E0-11E3-8AB2-909D80E11B8C","region_length_5R":"100","dir":"/lustre/scratch110/sanger/team87/wge_designs/45BCBDD8-B0E0-11E3-8AB2-909D80E11B8C","region_length_5F":"500","gibson_type":"deletion","region_offset_5F":"1000","command-name":"gibson-deletion-design-exon","primer_opt_tm":"60","user":"guest","exon_check_flank_length":"100","region_offset_5R":"100","target_type":"exon","primer_min_tm":"57","ensembl_gene_id":"ENSMUSG00000042757","gene_id":"MGI:1932411","region_length_3F":"100","region_offset_3F":"100","build_id":73,"region_offset_3R":"1000","primer_min_size":"22","five_prime_exon":"ENSMUSE00000634724","primer_max_gc":"60","primer_opt_gc_percent":"50","primer_max_tm":"63","species":"Mouse","region_length_3R":"500","create_design":"Create Gibson Design","assembly_id":"GRCm38","primer_max_size":"28","primer_opt_size":"25"}	MGI:1932411	success	\N	\N	19	Mouse	1	2014-03-21 10:05:04.507358	\N	{"5F":{"target_region_start":"103753067","region":"five_prime","gc_content":"40.000","target_region_end":"103754667","oligo_start":"103754515","oligo_end":"103754539","oligo_seq":"TCTGCATGAGCTTTCAAAAGGTTAG","melting_temp":"60.049","oligo_length":"25","oligo":"5F","id":"5F-0","rank":"0","offset":"1448","oligo_direction":"forward"},"3F":{"target_region_start":"103751155","region":"three_prime","gc_content":"40.000","target_region_end":"103752755","oligo_start":"103752697","oligo_end":"103752721","oligo_seq":"GTTCACACATTTTGATTTGAGTCCG","melting_temp":"59.601","oligo_length":"25","oligo":"3F","id":"3F-0","rank":"0","offset":"1542","oligo_direction":"forward"},"5R":{"target_region_start":"103753067","region":"five_prime","gc_content":"40.000","target_region_end":"103754667","oligo_start":"103753106","oligo_end":"103753130","oligo_seq":"TCATCAACACAAGAGGTTCCCATAT","melting_temp":"60.045","oligo_length":"25","oligo":"5R","id":"5R-0","rank":"0","offset":"39","oligo_direction":"reverse"},"3R":{"target_region_start":"103751155","region":"three_prime","gc_content":"40.000","target_region_end":"103752755","oligo_start":"103751539","oligo_end":"103751563","oligo_seq":"GGCCATATGAAAGCCACAGATAAAA","melting_temp":"59.931","oligo_length":"25","oligo":"3R","id":"3R-0","rank":"0","offset":"384","oligo_direction":"reverse"}}	{"five_prime":{"chromosome":"9","end":"103754667","start":"103753067"},"three_prime":{"chromosome":"9","end":"103752755","start":"103751155"}}
65	{"primer_min_gc":"40","uuid":"77B0A612-C0D8-11E3-8417-6DE8A4206598","region_length_5R":"100","dir":"/lustre/scratch110/sanger/team87/wge_designs/77B0A612-C0D8-11E3-8417-6DE8A4206598","region_length_5F":"500","gibson_type":"deletion","region_offset_5F":"1000","command-name":"gibson-deletion-design-exon","primer_opt_tm":"60","user":"guest","exon_check_flank_length":"100","region_offset_5R":"1","target_type":"exon","primer_min_tm":"57","ensembl_gene_id":"ENSG00000145335","gene_id":"HGNC:11138","region_length_3F":"100","region_offset_3F":"1","build_id":73,"region_offset_3R":"1000","primer_min_size":"22","five_prime_exon":"ENSE00000970012","primer_max_gc":"60","primer_opt_gc_percent":"50","primer_max_tm":"63","species":"Human","region_length_3R":"500","create_design":"Create Gibson Design","assembly_id":"GRCh37","primer_max_size":"28","primer_opt_size":"25"}	HGNC:11138	success	\N	\N	10000004	Human	1	2014-04-10 18:49:30.537164	\N	{"5F":{"target_region_start":"90749336","region":"five_prime","gc_content":"44.000","target_region_end":"90750936","oligo_start":"90750629","oligo_end":"90750653","oligo_seq":"ttccccattatacggataccttcac","melting_temp":"59.988","oligo_length":"25","oligo":"5F","id":"5F-0","rank":"0","offset":"1293","oligo_direction":"forward"},"3F":{"target_region_start":"90747693","region":"three_prime","gc_content":"44.000","target_region_end":"90749293","oligo_start":"90749231","oligo_end":"90749255","oligo_seq":"GGGCCACACTAATCACTAGATACTT","melting_temp":"59.929","oligo_length":"25","oligo":"3F","id":"3F-0","rank":"0","offset":"1538","oligo_direction":"forward"},"5R":{"target_region_start":"90749336","region":"five_prime","gc_content":"40.000","target_region_end":"90750936","oligo_start":"90749359","oligo_end":"90749383","oligo_seq":"AAGTCTCAAGCTAGCCTTAAATTGC","melting_temp":"59.875","oligo_length":"25","oligo":"5R","id":"5R-0","rank":"0","offset":"23","oligo_direction":"reverse"},"3R":{"target_region_start":"90747693","region":"three_prime","gc_content":"44.000","target_region_end":"90749293","oligo_start":"90747735","oligo_end":"90747759","oligo_seq":"GTCTCCATTAGATCATcaggtgaca","melting_temp":"59.930","oligo_length":"25","oligo":"3R","id":"3R-0","rank":"0","offset":"42","oligo_direction":"reverse"}}	{"five_prime":{"chromosome":"4","end":"90750936","start":"90749336"},"three_prime":{"chromosome":"4","end":"90749293","start":"90747693"}}
54	{"primer_min_gc":"40","uuid":"0A49A366-B34B-11E3-AC68-8E9D80E11B8C","region_length_5R":"100","dir":"/lustre/scratch110/sanger/team87/wge_designs/0A49A366-B34B-11E3-AC68-8E9D80E11B8C","region_length_5F":"500","gibson_type":"deletion","region_offset_5F":"1000","command-name":"gibson-deletion-design-exon","primer_opt_tm":"60","user":"guest","exon_check_flank_length":"100","region_offset_5R":"1","target_type":"exon","primer_min_tm":"57","ensembl_gene_id":"ENSG00000108468","gene_id":"HGNC:1551","region_length_3F":"100","region_offset_3F":"1","build_id":73,"region_offset_3R":"1000","primer_min_size":"22","five_prime_exon":"ENSE00002771605","primer_max_gc":"60","primer_opt_gc_percent":"50","primer_max_tm":"63","species":"Human","region_length_3R":"500","create_design":"Create Gibson Design","assembly_id":"GRCh37","primer_max_size":"28","primer_opt_size":"25"}	HGNC:1551	fail	{"oligo_Types":["5F"],"reasons":{"3R-1":"No unique genomic alignment","5F-1":"No unique genomic alignment","5F-3":"No unique genomic alignment","5F-0":"No unique genomic alignment","5F-2":"No unique genomic alignment","3R-5":"No unique genomic alignment","5F-4":"No unique genomic alignment"},"error":"Failed to find any valid oligos for one or more oligo types","class":"DesignCreate::Exception::OligoValidation"}	\N	\N	Human	1	2014-03-24 11:54:22.807445	\N	{"5F":{"target_region_start":"46154404","region":"five_prime","gc_content":"40.000","target_region_end":"46156004","oligo_start":"46155909","oligo_end":"46155933","oligo_seq":"tggtgtgatctcaatttactgcaac","melting_temp":"60.049","oligo_length":"25","oligo":"5F","id":"5F-0","rank":"0","invalid":"No unique genomic alignment","offset":"1505","oligo_direction":"forward"},"3F":{"target_region_start":"46152626","region":"three_prime","gc_content":"40.000","target_region_end":"46154226","oligo_start":"46154183","oligo_end":"46154207","oligo_seq":"ATAAACACGTGGTGGCTACATTTAC","melting_temp":"59.877","oligo_length":"25","oligo":"3F","id":"3F-0","rank":"0","offset":"1557","oligo_direction":"forward"},"5R":{"target_region_start":"46154404","region":"five_prime","gc_content":"40.000","target_region_end":"46156004","oligo_start":"46154419","oligo_end":"46154443","oligo_seq":"AAATAAAAAGGGCATTAGGGAGCAC","melting_temp":"60.105","oligo_length":"25","oligo":"5R","id":"5R-0","rank":"0","offset":"15","oligo_direction":"reverse"},"3R":{"target_region_start":"46152626","region":"three_prime","gc_content":"40.000","target_region_end":"46154226","oligo_start":"46152908","oligo_end":"46152932","oligo_seq":"AGCTGTTAGAATCCTTTGGAGTGAT","melting_temp":"60.045","oligo_length":"25","oligo":"3R","id":"3R-0","rank":"0","offset":"282","oligo_direction":"reverse"}}	{"five_prime":{"chromosome":"17","end":"46156004","start":"46154404"},"three_prime":{"chromosome":"17","end":"46154226","start":"46152626"}}
63	{"primer_min_gc":"40","uuid":"77493ABA-C0C2-11E3-9891-6FE8A4206598","region_length_5R":"30","region_offset_5F":"1150","command-name":"gibson-deletion-design-location","user":"guest","target_type":"location","region_offset_5R":"1","build_id":73,"region_offset_3F":"1","region_length_3F":"100","primer_min_size":"22","primer_opt_gc_percent":"50","region_length_3R":"500","create_design":"Create Gibson Design","target_end":"64729700","dir":"/lustre/scratch110/sanger/team87/wge_designs/77493ABA-C0C2-11E3-9891-6FE8A4206598","region_length_5F":"500","gibson_type":"deletion","primer_opt_tm":"60","primer_min_tm":"57","ensembl_gene_id":"ENSMUSG00000073043","chr_name":"6","target_start":"64729328","gene_id":"MGI:104654","region_offset_3R":"1000","primer_max_gc":"60","primer_max_tm":"63","species":"Mouse","chr_strand":"1","assembly_id":"GRCm38","primer_max_size":"28","primer_opt_size":"25"}	MGI:104654	fail	{"regions":["five_prime"],"reasons":{"five_prime":{"SEQUENCE_TEMPLATE":"AGCCGCTGAAATCCTTCGCACAAGGAGCTCCAGATGGCAGGTTGGATCAGGTCCCTGCTAGCGGAACATTTCAACGGCACTGGACCCTGCAAAGACAGGTTCCAGGGAGCTTTCTGCGGTACCATCTGCCGGAAGACGAAAGTCCTCCTAGAGTAGCAACCACCCTGAAAATCGAAAGCACCAGCCACAGTTGCCACCCACTCTGGTGCCCCAGGGACGAAGAAAGCCCAAACTGGAGAGCACTAGGAGCAAGCTGGGGCGTGTCCCGAGCCAGGAAGTTTCTGATTGGCTCTTTGTGGTAAACTACCAGGCGGAGGGCTAAAGAGGTAGGAGGGGAGCGGTTTATAGAGGGAGTGAACACCCTAACTAAACAGAGCGGGACAGGTGGGTTTGACTGTGGTTTCTGGGCGTTTGCGCAAGAAGCCACGCGCACTAGTAAACCGGGGCCTCCCGAGGCAGCAGTTTCAAAATGCCCAGAATCACAAAGAACCCAAAGACCTTTTGCACTAATTCCGGCAGCCTCCTGTGGCTCTGCGTTTATGAGTCCTACGCTGTGAGTTTTGAAACTGTTTGCATGATCCCTTGCGATAGCTCAGCGTAGCGCGATATCCTCCGCGAAGGGCTTTTGCAGACTGAGACCCTAACGGGCTCTAAGAAACACGCTCAAAGGCTCCTGGGGCAATCCCGATTTTGGTATGTCATAACTATACCGCAGCTTTACTTTCCATTaaaaaaaaaaaagactacatgaaaaaaaaTCCAAGTACTATGTGGACCAAGAGATGCAGACAAAGTCAAAATTAAGAAATACGTTCCCAGAAGCGAATGGTTTTCACCTTGTTCTGATTTTTGATTAGACGCCACTTAACACTTCTACAAATTAAATGTGCAATAGGTAAGAGCTATATACACACCTCTCTATATGTATTTCTGTCACATTGCACATGGGCGATTTTACGAGTTTCTTGAGAGCTGTGATCCAGGCTTGGAGGGATCTCAGGCCAGGCGGGCTACTCCAGTTGGTGCCCCGAAGGCTCTAGGCGCGTCCAGCTTGGCCGGGAGCCGCCTACCCTGGGTCTCATCTGAGCTGGGGCCGCTAGGACACCAGCCGGGAGCCCGCTTCTTCTCCCCTCCCACCCCCCATTCCCCTCACTCAGGTCGCCTGGGAGGTGACACCCTCAGGAGTCGAATTACAGCCCCACAATTAACATATGAATTTCCAGAACTGACTAGAGGGACAAGGGGGAAtttttttttctttttttttttttttCCAGAGCCAGAGCTGAACTCCTCGGCACACAGTAACTTTTCACTGGGTGTAAAAACTCTTTGATTGGCTCCTCGCACGCGCCTGCCCGCCCCCTTCTTTGACTGGGCAGACACGCGACTGGCGCAAGGAGGGGGCTGGGAGGGGAGCCGGGGGAGATACACTGGCGCGTGCCGCTTTTTAAAGGGGCGCAGCGCCTTCAGCAACCGGAGAAGCTTCGTTGCACGCGACCTGGTGTGCGATCTCCGAGTGAGAGGGGGAGGGTCAGAGGAGGAAGGaaaaaaaaTCAGACCTTGCAGAAGAGACTAGGAAGGTTTTTGTTGTTGTTGTTCGGGGCTTATCCCCTTCGTTGAACTGGGTTGCCAGCACCTCCTCTAACACGGCACCTCCGAGCCATTGCAGTGCGATGTC","PRIMER_RIGHT_EXPLAIN":"considered 42, GC content failed 27, high tm 15, ok 0","PRIMER_LEFT_EXPLAIN":"considered 3332, GC content failed 928, low tm 27, high tm 1793, ok 584"}},"error":"Primer3 failed to find oligos","class":"DesignCreate::Exception::Primer3FailedFindOligos"}	\N	\N	Mouse	1	2014-04-10 16:12:00.890937	\N	{"3F":{"target_region_start":"64729701","gc_content":"45.833","region":"three_prime","target_region_end":"64731301","oligo_start":64729764,"oligo_end":64729787,"oligo_seq":"AAACAGGTGAATGGGGTACAGAAG","oligo_length":24,"melting_temp":"60.750","oligo":"3F","id":"3F-0","rank":0,"invalid":"Not validated","offset":"64","oligo_direction":"forward"},"3R":{"target_region_start":"64729701","gc_content":"40.000","region":"three_prime","target_region_end":"64731301","oligo_start":64731172,"oligo_end":64731196,"oligo_seq":"CAAATCCAGTTGCCATTGCTTTATG","oligo_length":25,"melting_temp":"59.936","oligo":"3R","id":"3R-0","rank":0,"invalid":"Not validated","offset":1472,"oligo_direction":"reverse"}}	{"five_prime":{"chromosome":"6","end":"64729327","start":"64727647"},"three_prime":{"chromosome":"6","end":"64731301","start":"64729701"}}
66	{"primer_min_gc":"40","uuid":"2482F850-C150-11E3-B9A9-6DE8A4206598","region_length_5R":"80","region_offset_5F":"1100","command-name":"gibson-deletion-design-location","user":"guest","region_offset_5R":"1","target_type":"location","region_length_3F":"100","region_offset_3F":"1","build_id":73,"primer_min_size":"22","primer_opt_gc_percent":"50","region_length_3R":"500","create_design":"Create Gibson Design","target_end":"64729700","dir":"/lustre/scratch110/sanger/team87/wge_designs/2482F850-C150-11E3-B9A9-6DE8A4206598","region_length_5F":"500","gibson_type":"deletion","primer_opt_tm":"60","chr_name":"6","primer_min_tm":"57","target_start":"64729348","region_offset_3R":"1000","gene_id":"MGI:104654","primer_max_gc":"60","species":"Mouse","primer_max_tm":"63","chr_strand":"1","assembly_id":"GRCm38","primer_max_size":"28","primer_opt_size":"25"}	MGI:104654	fail	{"oligo_Types":["5R"],"reasons":{"3F-2":"No unique genomic alignment","3F-3":"No unique genomic alignment","5R-0":"No unique genomic alignment","3F-0":"No unique genomic alignment"},"error":"Failed to find any valid oligos for one or more oligo types","class":"DesignCreate::Exception::OligoValidation"}	\N	\N	Mouse	1	2014-04-11 09:06:10.591818	\N	{"5F":{"target_region_start":"64727667","region":"five_prime","gc_content":"40.000","target_region_end":"64729347","oligo_start":"64727926","oligo_end":"64727950","oligo_seq":"TTCTGATTGGCTCTTTGTGGTAAAC","melting_temp":"59.990","oligo_length":"25","oligo":"5F","id":"5F-0","rank":"0","offset":"260","oligo_direction":"forward"},"3F":{"target_region_start":"64729701","region":"three_prime","gc_content":"50.000","target_region_end":"64731301","oligo_start":"64729772","oligo_end":"64729795","oligo_seq":"GAATGGGGTACAGAAGCAAAGGAG","melting_temp":"61.403","oligo_length":"24","oligo":"3F","id":"3F-1","rank":"1","offset":"72","oligo_direction":"forward"},"5R":{"target_region_start":"64727667","region":"five_prime","gc_content":"54.545","target_region_end":"64729347","oligo_start":"64729275","oligo_end":"64729296","oligo_seq":"GTTGCCAGCACCTCCTCTAACA","melting_temp":"62.514","oligo_length":"22","oligo":"5R","id":"5R-0","rank":"0","invalid":"No unique genomic alignment","offset":"1609","oligo_direction":"reverse"},"3R":{"target_region_start":"64729701","region":"three_prime","gc_content":"40.000","target_region_end":"64731301","oligo_start":"64731094","oligo_end":"64731118","oligo_seq":"ATTGCGTATTTGGACCCATTTCTAC","melting_temp":"59.933","oligo_length":"25","oligo":"3R","id":"3R-1","rank":"1","offset":"1394","oligo_direction":"reverse"}}	{"five_prime":{"chromosome":"6","end":"64729347","start":"64727667"},"three_prime":{"chromosome":"6","end":"64731301","start":"64729701"}}
\.


--
-- Name: design_attempts_id_seq; Type: SEQUENCE SET; Schema: public; Owner: wge_admin
--

SELECT pg_catalog.setval('design_attempts_id_seq', 69, true);


--
-- Data for Name: designs; Type: TABLE DATA; Schema: public; Owner: wge_admin
--

COPY designs (id, species_id, name, created_by, created_at, design_type_id, phase, validated_by_annotation, target_transcript, design_parameters, cassette_first) FROM stdin;
1	Human	\N	1	2014-02-11 15:26:38.711904	gibson	\N	not done	\N	{"ensembl-version":"homo_sapiens_core_73_37","region_length_5R":"100","region_length_5R_EF":"200","region_length_5F":"500","region_offset_5F":"1000","command-name":"gibson-design","oligo_three_prime_align":"0","exon_check_flank_length":"100","chr_name":"12","region_length_ER_3F":"200","assembly":"GRCh37","target_start":"54361053","region_length_3F":"100","design_method":"gibson","region_offset_3R":"1000","three_prime_exon":null,"region_offset_ER_3F":"100","five_prime_exon":"ENSE00001652604","species":"Human","chr_strand":"-1","region_length_3R":"500","region_length_EF":"100","repeat_mask_class":[],"target_genes":["HGNC:33510"],"software_version":"0.018","region_offset_5R_EF":"200","target_end":"54361178","mask_by_lower_case":"yes","region_length_ER":"100","created_by":"guest"}	t
2	Human	\N	1	2014-02-12 15:29:17.569573	gibson-deletion	\N	not done	\N	{"ensembl-version":"homo_sapiens_core_73_37","region_length_5R":"100","region_length_5F":"500","region_offset_5F":"1000","command-name":"gibson-deletion-design","oligo_three_prime_align":"0","exon_check_flank_length":"100","region_offset_5R":"1","chr_name":"12","assembly":"GRCh37","target_start":"109539707","region_offset_3R":"1000","region_offset_3F":"1","design_method":"gibson-deletion","region_length_3F":"100","three_prime_exon":null,"five_prime_exon":"ENSE00000754703","species":"Human","region_length_3R":"500","chr_strand":"1","repeat_mask_class":[],"target_genes":["HGNC:12572"],"software_version":"0.018","target_end":"109539804","mask_by_lower_case":"yes","created_by":"guest"}	t
3	Human	\N	1	2014-03-04 13:06:38.412304	gibson-deletion	\N	not done	\N	{"primer_min_gc":"40","region_length_5R":"100","region_offset_5F":"1000","command-name":"gibson-deletion-design-exon","region_offset_5R":"1","assembly":"GRCh37","region_offset_3F":"1","design_method":"gibson-deletion","region_length_3F":"100","primer_min_size":"22","three_prime_exon":"ENSE00001076925","five_prime_exon":"ENSE00003498573","primer_opt_gc_percent":"50","region_length_3R":"500","repeat_mask_class":[],"target_end":"66463438","created_by":"guest","ensembl-version":"homo_sapiens_core_73_37","region_length_5F":"500","oligo_three_prime_align":"0","primer_opt_tm":"60","primer_lowercase_masking":null,"exon_check_flank_length":"100","chr_name":"3","primer_min_tm":"57","target_start":"66460553","region_offset_3R":"1000","primer_max_gc":"60","species":"Human","primer_max_tm":"63","chr_strand":"-1","target_genes":["HGNC:17360"],"primer_max_size":"28","software_version":"0.021","primer_opt_size":"25"}	t
4	Human	\N	1	2014-03-04 13:07:34.985273	gibson-deletion	\N	not done	\N	{"primer_min_gc":"40","ensembl-version":"homo_sapiens_core_73_37","region_length_5R":"100","region_length_5F":"500","region_offset_5F":"1000","command-name":"gibson-deletion-design-location","oligo_three_prime_align":"0","primer_opt_tm":"60","exon_check_flank_length":"0","primer_lowercase_masking":null,"region_offset_5R":"1","primer_min_tm":"57","chr_name":"13","assembly":"GRCh37","target_start":"32905056","region_offset_3R":"1000","design_method":"gibson-deletion","region_length_3F":"100","region_offset_3F":"1","primer_min_size":"22","primer_max_gc":"60","primer_opt_gc_percent":"50","primer_max_tm":"63","species":"Human","chr_strand":"1","region_length_3R":"500","repeat_mask_class":[],"primer_max_size":"28","target_genes":["HGNC:1101"],"software_version":"0.021","primer_opt_size":"25","target_end":"32905167","created_by":"guest"}	t
5	Human	\N	1	2014-03-04 17:10:20.549546	gibson-deletion	\N	not done	\N	{"primer_min_gc":"40","region_length_5R":"100","region_offset_5F":"1000","command-name":"gibson-deletion-design-exon","region_offset_5R":"1","assembly":"GRCh37","region_offset_3F":"1","design_method":"gibson-deletion","region_length_3F":"100","primer_min_size":"22","three_prime_exon":null,"five_prime_exon":"ENSE00003498573","primer_opt_gc_percent":"50","region_length_3R":"500","repeat_mask_class":[],"target_end":"66463438","created_by":"guest","ensembl-version":"homo_sapiens_core_73_37","region_length_5F":"500","oligo_three_prime_align":"0","primer_opt_tm":"60","primer_lowercase_masking":null,"exon_check_flank_length":"100","chr_name":"3","primer_min_tm":"57","target_start":"66463295","region_offset_3R":"1000","primer_max_gc":"60","species":"Human","primer_max_tm":"63","chr_strand":"-1","target_genes":["HGNC:17360"],"primer_max_size":"28","software_version":"0.021","primer_opt_size":"25"}	t
6	Human	\N	1	2014-03-05 14:45:44.277075	gibson-deletion	\N	not done	\N	{"primer_min_gc":"40","region_length_5R":"100","region_offset_5F":"1000","command-name":"gibson-deletion-design-exon","region_offset_5R":"200","assembly":"GRCh37","region_offset_3F":"100","design_method":"gibson-deletion","region_length_3F":"100","primer_min_size":"22","three_prime_exon":null,"five_prime_exon":"ENSE00003608112","primer_opt_gc_percent":"50","region_length_3R":"500","repeat_mask_class":["trf","dust"],"target_end":"100003267","created_by":"guest","ensembl-version":"homo_sapiens_core_73_37","region_length_5F":"500","oligo_three_prime_align":"0","primer_opt_tm":"60","primer_lowercase_masking":null,"exon_check_flank_length":"100","chr_name":"4","primer_min_tm":"57","target_start":"100003126","region_offset_3R":"1000","primer_max_gc":"60","species":"Human","primer_max_tm":"63","chr_strand":"-1","target_genes":["HGNC:253"],"primer_max_size":"28","software_version":"0.021","primer_opt_size":"25"}	t
7	Mouse	\N	1	2014-03-05 15:02:35.095122	gibson-deletion	\N	not done	\N	{"primer_min_gc":"40","region_length_5R":"100","region_offset_5F":"1000","command-name":"gibson-deletion-design-exon","region_offset_5R":"1","assembly":"GRCm38","region_offset_3F":"1","design_method":"gibson-deletion","region_length_3F":"100","primer_min_size":"22","three_prime_exon":"ENSMUSE00000226956","five_prime_exon":"ENSMUSE00000226974","primer_opt_gc_percent":"50","region_length_3R":"500","repeat_mask_class":[],"target_end":"53128862","created_by":"guest","ensembl-version":"mus_musculus_core_73_38","region_length_5F":"500","oligo_three_prime_align":"0","primer_opt_tm":"60","primer_lowercase_masking":null,"exon_check_flank_length":"100","chr_name":"4","primer_min_tm":"57","target_start":"53109164","region_offset_3R":"1000","primer_max_gc":"60","species":"Mouse","primer_max_tm":"63","chr_strand":"-1","target_genes":["MGI:99607"],"primer_max_size":"28","software_version":"0.021","primer_opt_size":"25"}	t
8	Mouse	\N	1	2014-03-06 09:40:05.805258	gibson-deletion	\N	not done	\N	{"primer_min_gc":"40","region_length_5R":"100","region_offset_5F":"1000","command-name":"gibson-deletion-design-exon","region_offset_5R":"300","assembly":"GRCm38","region_offset_3F":"100","design_method":"gibson-deletion","region_length_3F":"100","primer_min_size":"22","three_prime_exon":null,"five_prime_exon":"ENSMUSE00000145987","primer_opt_gc_percent":"50","region_length_3R":"500","repeat_mask_class":[],"target_end":"3371677","created_by":"guest","ensembl-version":"mus_musculus_core_73_38","region_length_5F":"500","oligo_three_prime_align":"0","primer_opt_tm":"60","primer_lowercase_masking":null,"exon_check_flank_length":"100","chr_name":"19","primer_min_tm":"57","target_start":"3371572","region_offset_3R":"1000","primer_max_gc":"60","species":"Mouse","primer_max_tm":"63","chr_strand":"1","target_genes":["MGI:1098296"],"primer_max_size":"28","software_version":"0.021","primer_opt_size":"25"}	t
9	Mouse	\N	1	2014-03-06 10:47:28.354891	gibson-deletion	\N	not done	\N	{"primer_min_gc":"40","region_length_5R":"100","region_offset_5F":"900","command-name":"gibson-deletion-design-exon","region_offset_5R":"300","assembly":"GRCm38","region_offset_3F":"100","design_method":"gibson-deletion","region_length_3F":"100","primer_min_size":"22","three_prime_exon":null,"five_prime_exon":"ENSMUSE00000145987","primer_opt_gc_percent":"50","region_length_3R":"200","repeat_mask_class":[],"target_end":"3371677","created_by":"guest","ensembl-version":"mus_musculus_core_73_38","region_length_5F":"200","oligo_three_prime_align":"0","primer_opt_tm":"60","primer_lowercase_masking":null,"exon_check_flank_length":"100","chr_name":"19","primer_min_tm":"57","target_start":"3371572","region_offset_3R":"900","primer_max_gc":"60","species":"Mouse","primer_max_tm":"63","chr_strand":"1","target_genes":["MGI:1098296"],"primer_max_size":"28","software_version":"0.021","primer_opt_size":"25"}	t
10	Mouse	\N	1	2014-03-06 12:09:05.254469	gibson-deletion	\N	not done	\N	{"primer_min_gc":"40","region_length_5R":"100","region_offset_5F":"1000","command-name":"gibson-deletion-design-exon","region_offset_5R":"1","assembly":"GRCm38","region_offset_3F":"1","design_method":"gibson-deletion","region_length_3F":"100","primer_min_size":"22","three_prime_exon":null,"five_prime_exon":"ENSMUSE00001221817","primer_opt_gc_percent":"50","region_length_3R":"500","repeat_mask_class":[],"target_end":"63204755","created_by":"guest","ensembl-version":"mus_musculus_core_73_38","region_length_5F":"500","oligo_three_prime_align":"0","primer_opt_tm":"60","primer_lowercase_masking":null,"exon_check_flank_length":"100","chr_name":"14","primer_min_tm":"57","target_start":"63204589","region_offset_3R":"1000","primer_max_gc":"60","species":"Mouse","primer_max_tm":"63","chr_strand":"-1","target_genes":["MGI:95664"],"primer_max_size":"28","software_version":"0.021","primer_opt_size":"25"}	t
11	Mouse	\N	1	2014-03-07 09:57:26.33581	gibson-deletion	\N	not done	\N	{"primer_min_gc":"40","region_length_5R":"100","region_offset_5F":"1000","command-name":"gibson-deletion-design-exon","region_offset_5R":"1","assembly":"GRCm38","region_offset_3F":"1","design_method":"gibson-deletion","region_length_3F":"100","primer_min_size":"22","three_prime_exon":null,"five_prime_exon":"ENSMUSE00001215457","primer_opt_gc_percent":"50","region_length_3R":"500","repeat_mask_class":[],"target_end":"120471603","created_by":"guest","ensembl-version":"mus_musculus_core_73_38","region_length_5F":"500","oligo_three_prime_align":"0","primer_opt_tm":"60","primer_lowercase_masking":null,"exon_check_flank_length":"100","chr_name":"11","primer_min_tm":"57","target_start":"120471480","region_offset_3R":"1000","primer_max_gc":"60","species":"Mouse","primer_max_tm":"63","chr_strand":"1","target_genes":["MGI:104681"],"primer_max_size":"28","software_version":"0.021","primer_opt_size":"25"}	t
12	Human	\N	1	2014-03-14 15:49:11.845304	gibson-deletion	\N	not done	\N	{"primer_min_gc":"40","region_length_5R":"100","region_offset_5F":"1000","command-name":"gibson-deletion-design-exon","region_offset_5R":"1","assembly":"GRCh37","region_offset_3F":"1","design_method":"gibson-deletion","region_length_3F":"200","primer_min_size":"22","three_prime_exon":null,"five_prime_exon":"ENSE00000893952","primer_opt_gc_percent":"50","region_length_3R":"500","repeat_mask_class":[],"target_end":"45411209","created_by":"guest","ensembl-version":"homo_sapiens_core_73_37","region_length_5F":"500","oligo_three_prime_align":"0","primer_opt_tm":"60","primer_lowercase_masking":null,"exon_check_flank_length":"100","chr_name":"19","primer_min_tm":"57","target_start":"45411017","region_offset_3R":"1200","primer_max_gc":"60","species":"Human","primer_max_tm":"63","chr_strand":"1","target_genes":["HGNC:613"],"primer_max_size":"28","software_version":"0.022","primer_opt_size":"25"}	t
13	Human	\N	1	2014-03-16 15:00:13.101962	gibson-deletion	\N	not done	\N	{"primer_min_gc":"40","region_length_5R":"100","region_offset_5F":"500","command-name":"gibson-deletion-design-exon","region_offset_5R":"100","assembly":"GRCh37","region_offset_3F":"100","design_method":"gibson-deletion","region_length_3F":"100","primer_min_size":"22","three_prime_exon":null,"five_prime_exon":"ENSE00003577086","primer_opt_gc_percent":"50","region_length_3R":"500","repeat_mask_class":[],"target_end":"45409924","created_by":"guest","ensembl-version":"homo_sapiens_core_73_37","region_length_5F":"500","oligo_three_prime_align":"0","primer_opt_tm":"60","primer_lowercase_masking":null,"exon_check_flank_length":"100","chr_name":"19","primer_min_tm":"57","target_start":"45409859","region_offset_3R":"500","primer_max_gc":"60","species":"Human","primer_max_tm":"63","chr_strand":"1","target_genes":["HGNC:613"],"primer_max_size":"28","software_version":"0.022","primer_opt_size":"25"}	t
14	Human	\N	1	2014-03-16 15:57:21.215344	gibson-deletion	\N	not done	\N	{"primer_min_gc":"40","region_length_5R":"100","region_offset_5F":"1000","command-name":"gibson-deletion-design-exon","region_offset_5R":"1","assembly":"GRCh37","region_offset_3F":"1","design_method":"gibson-deletion","region_length_3F":"200","primer_min_size":"22","three_prime_exon":null,"five_prime_exon":"ENSE00000893952","primer_opt_gc_percent":"50","region_length_3R":"500","repeat_mask_class":[],"target_end":"45411209","created_by":"guest","ensembl-version":"homo_sapiens_core_73_37","region_length_5F":"500","oligo_three_prime_align":"0","primer_opt_tm":"60","primer_lowercase_masking":null,"exon_check_flank_length":"100","chr_name":"19","primer_min_tm":"57","target_start":"45411017","region_offset_3R":"1200","primer_max_gc":"60","species":"Human","primer_max_tm":"63","chr_strand":"1","target_genes":["HGNC:613"],"primer_max_size":"28","software_version":"0.022","primer_opt_size":"25"}	t
15	Human	\N	1	2014-03-17 11:26:54.423086	gibson-deletion	\N	not done	\N	{"primer_min_gc":"40","region_length_5R":"100","region_offset_5F":"1000","command-name":"gibson-deletion-design-exon","region_offset_5R":"1","assembly":"GRCh37","region_offset_3F":"1","design_method":"gibson-deletion","region_length_3F":"200","primer_min_size":"22","three_prime_exon":null,"five_prime_exon":"ENSE00000893952","primer_opt_gc_percent":"50","region_length_3R":"500","repeat_mask_class":[],"target_end":"45411209","created_by":"guest","ensembl-version":"homo_sapiens_core_73_37","region_length_5F":"500","oligo_three_prime_align":"0","primer_opt_tm":"60","primer_lowercase_masking":null,"exon_check_flank_length":"100","chr_name":"19","primer_min_tm":"57","target_start":"45411017","region_offset_3R":"1200","primer_max_gc":"60","species":"Human","primer_max_tm":"63","chr_strand":"1","target_genes":["HGNC:613"],"primer_max_size":"28","software_version":"0.022","primer_opt_size":"25"}	t
16	Mouse	\N	1	2014-03-17 11:42:52.607156	gibson-deletion	\N	not done	\N	{"primer_min_gc":"40","region_length_5R":"100","region_offset_5F":"1000","command-name":"gibson-deletion-design-exon","region_offset_5R":"1","assembly":"GRCm38","region_offset_3F":"1","design_method":"gibson-deletion","region_length_3F":"100","primer_min_size":"22","three_prime_exon":null,"five_prime_exon":"ENSMUSE00000218693","primer_opt_gc_percent":"50","region_length_3R":"500","repeat_mask_class":[],"target_end":"58018393","created_by":"guest","ensembl-version":"mus_musculus_core_73_38","region_length_5F":"500","oligo_three_prime_align":"0","primer_opt_tm":"60","primer_lowercase_masking":null,"exon_check_flank_length":"100","chr_name":"9","primer_min_tm":"57","target_start":"58018194","region_offset_3R":"1000","primer_max_gc":"60","species":"Mouse","primer_max_tm":"63","chr_strand":"1","target_genes":["MGI:88582"],"primer_max_size":"28","software_version":"0.022","primer_opt_size":"25"}	t
17	Mouse	\N	1	2014-03-17 11:49:21.799772	gibson-deletion	\N	not done	\N	{"primer_min_gc":"40","region_length_5R":"100","region_offset_5F":"1000","command-name":"gibson-deletion-design-exon","region_offset_5R":"1","assembly":"GRCm38","region_offset_3F":"1","design_method":"gibson-deletion","region_length_3F":"100","primer_min_size":"22","three_prime_exon":null,"five_prime_exon":"ENSMUSE00001256074","primer_opt_gc_percent":"50","region_length_3R":"500","repeat_mask_class":[],"target_end":"120950749","created_by":"guest","ensembl-version":"mus_musculus_core_73_38","region_length_5F":"500","oligo_three_prime_align":"0","primer_opt_tm":"60","primer_lowercase_masking":null,"exon_check_flank_length":"100","chr_name":"9","primer_min_tm":"57","target_start":"120950522","region_offset_3R":"1000","primer_max_gc":"60","species":"Mouse","primer_max_tm":"63","chr_strand":"1","target_genes":["MGI:88276"],"primer_max_size":"28","software_version":"0.022","primer_opt_size":"25"}	t
20	Human	\N	1	2014-04-07 11:01:33.576658	gibson-deletion	\N	not done	\N	{"primer_min_gc":"40","region_length_5R":"100","region_offset_5F":"1000","command-name":"gibson-deletion-design-exon","region_offset_5R":"1","assembly":"GRCh37","region_offset_3F":"1","design_method":"gibson-deletion","region_length_3F":"100","primer_min_size":"22","three_prime_exon":"ENSE00001319762","five_prime_exon":"ENSE00003499057","primer_opt_gc_percent":"50","region_length_3R":"500","repeat_mask_class":[],"target_end":"53860403","created_by":"guest","ensembl-version":"homo_sapiens_core_73_37","region_length_5F":"500","oligo_three_prime_align":"0","primer_opt_tm":"60","primer_lowercase_masking":null,"exon_check_flank_length":"100","chr_name":"16","primer_min_tm":"57","target_start":"53844052","region_offset_3R":"1000","primer_max_gc":"60","species":"Human","primer_max_tm":"63","chr_strand":"1","target_genes":["HGNC:24678"],"primer_max_size":"28","software_version":"dev_07-04-2014","primer_opt_size":"25"}	t
10000001	Mouse	\N	1	2014-04-08 20:58:04.733787	gibson-deletion	\N	not done	\N	{"primer_min_gc":"40","region_length_5R":"100","region_offset_5F":"1000","command-name":"gibson-deletion-design-exon","region_offset_5R":"1","assembly":"GRCm38","region_offset_3F":"1","design_method":"gibson-deletion","region_length_3F":"100","primer_min_size":"22","three_prime_exon":null,"five_prime_exon":"ENSMUSE00000197495","primer_opt_gc_percent":"50","region_length_3R":"500","repeat_mask_class":[],"target_end":"122711803","created_by":"guest","ensembl-version":"mus_musculus_core_73_38","region_length_5F":"500","oligo_three_prime_align":"0","primer_opt_tm":"60","primer_lowercase_masking":null,"exon_check_flank_length":"100","chr_name":"6","primer_min_tm":"57","target_start":"122711538","region_offset_3R":"1000","primer_max_gc":"60","species":"Mouse","primer_max_tm":"63","chr_strand":"1","target_genes":["MGI:1919200"],"primer_max_size":"28","software_version":"dev_08-04-2014","primer_opt_size":"25"}	t
10000002	Mouse	\N	1	2014-04-10 15:58:23.110299	gibson-deletion	\N	not done	\N	{"primer_min_gc":"40","ensembl-version":"mus_musculus_core_73_38","region_length_5R":"100","region_length_5F":"500","region_offset_5F":"1000","command-name":"gibson-deletion-design-location","oligo_three_prime_align":"0","primer_opt_tm":"60","exon_check_flank_length":"0","primer_lowercase_masking":null,"region_offset_5R":"1","primer_min_tm":"57","chr_name":"6","assembly":"GRCm38","target_start":"64729328","region_offset_3R":"1000","design_method":"gibson-deletion","region_length_3F":"100","region_offset_3F":"1","primer_min_size":"22","primer_max_gc":"60","primer_opt_gc_percent":"50","primer_max_tm":"63","species":"Mouse","chr_strand":"1","region_length_3R":"500","repeat_mask_class":[],"primer_max_size":"28","target_genes":["MGI:104654"],"software_version":"dev_10-04-2014","primer_opt_size":"25","target_end":"64729700","created_by":"guest"}	t
10000003	Mouse	\N	1	2014-04-10 16:10:15.7007	gibson-deletion	\N	not done	\N	{"primer_min_gc":"40","ensembl-version":"mus_musculus_core_73_38","region_length_5R":"80","region_length_5F":"500","region_offset_5F":"1100","command-name":"gibson-deletion-design-location","oligo_three_prime_align":"0","primer_opt_tm":"60","exon_check_flank_length":"0","primer_lowercase_masking":null,"region_offset_5R":"1","primer_min_tm":"57","chr_name":"6","assembly":"GRCm38","target_start":"64729328","region_offset_3R":"1000","design_method":"gibson-deletion","region_length_3F":"100","region_offset_3F":"1","primer_min_size":"22","primer_max_gc":"60","primer_opt_gc_percent":"50","primer_max_tm":"63","species":"Mouse","chr_strand":"1","region_length_3R":"500","repeat_mask_class":[],"primer_max_size":"28","target_genes":["MGI:104654"],"software_version":"dev_10-04-2014","primer_opt_size":"25","target_end":"64729700","created_by":"guest"}	t
10000004	Human	\N	1	2014-04-10 19:09:31.488771	gibson-deletion	\N	not done	\N	{"primer_min_gc":"40","region_length_5R":"100","region_offset_5F":"1000","command-name":"gibson-deletion-design-exon","region_offset_5R":"1","assembly":"GRCh37","region_offset_3F":"1","design_method":"gibson-deletion","region_length_3F":"100","primer_min_size":"22","three_prime_exon":null,"five_prime_exon":"ENSE00000970012","primer_opt_gc_percent":"50","region_length_3R":"500","repeat_mask_class":[],"target_end":"90749335","created_by":"guest","ensembl-version":"homo_sapiens_core_73_37","region_length_5F":"500","oligo_three_prime_align":"0","primer_opt_tm":"60","primer_lowercase_masking":null,"exon_check_flank_length":"100","chr_name":"4","primer_min_tm":"57","target_start":"90749294","region_offset_3R":"1000","primer_max_gc":"60","species":"Human","primer_max_tm":"63","chr_strand":"-1","target_genes":["HGNC:11138"],"primer_max_size":"28","software_version":"dev_10-04-2014","primer_opt_size":"25"}	t
10000005	Mouse	\N	1	2014-04-11 09:14:41.819113	gibson-deletion	\N	not done	\N	{"primer_min_gc":"40","ensembl-version":"mus_musculus_core_73_38","region_length_5R":"100","region_length_5F":"500","region_offset_5F":"1100","command-name":"gibson-deletion-design-location","oligo_three_prime_align":"0","primer_opt_tm":"60","exon_check_flank_length":"0","primer_lowercase_masking":null,"region_offset_5R":"1","primer_min_tm":"57","chr_name":"6","assembly":"GRCm38","target_start":"64729388","region_offset_3R":"1000","design_method":"gibson-deletion","region_length_3F":"100","region_offset_3F":"1","primer_min_size":"22","primer_max_gc":"60","primer_opt_gc_percent":"50","primer_max_tm":"63","species":"Mouse","chr_strand":"1","region_length_3R":"500","repeat_mask_class":[],"primer_max_size":"28","target_genes":["MGI:104654"],"software_version":"dev_11-04-2014","primer_opt_size":"25","target_end":"64729700","created_by":"guest"}	t
18	Mouse	\N	1	2014-03-17 12:01:30.050716	gibson-deletion	\N	not done	\N	{"primer_min_gc":"40","region_length_5R":"100","region_offset_5F":"1000","command-name":"gibson-deletion-design-exon","region_offset_5R":"1","assembly":"GRCm38","region_offset_3F":"1","design_method":"gibson-deletion","region_length_3F":"100","primer_min_size":"22","three_prime_exon":null,"five_prime_exon":"ENSMUSE00000231320","primer_opt_gc_percent":"50","region_length_3R":"500","repeat_mask_class":[],"target_end":"19697647","created_by":"guest","ensembl-version":"mus_musculus_core_73_38","region_length_5F":"500","oligo_three_prime_align":"0","primer_opt_tm":"60","primer_lowercase_masking":null,"exon_check_flank_length":"100","chr_name":"7","primer_min_tm":"57","target_start":"19697479","region_offset_3R":"1000","primer_max_gc":"60","species":"Mouse","primer_max_tm":"63","chr_strand":"-1","target_genes":["MGI:88057"],"primer_max_size":"28","software_version":"0.022","primer_opt_size":"25"}	t
19	Mouse	\N	1	2014-03-21 10:06:23.123738	gibson-deletion	\N	not done	\N	{"primer_min_gc":"40","region_length_5R":"100","region_offset_5F":"1000","command-name":"gibson-deletion-design-exon","region_offset_5R":"100","assembly":"GRCm38","region_offset_3F":"100","design_method":"gibson-deletion","region_length_3F":"100","primer_min_size":"22","three_prime_exon":null,"five_prime_exon":"ENSMUSE00000634724","primer_opt_gc_percent":"50","region_length_3R":"500","repeat_mask_class":[],"target_end":"103752967","created_by":"guest","ensembl-version":"mus_musculus_core_73_38","region_length_5F":"500","oligo_three_prime_align":"0","primer_opt_tm":"60","primer_lowercase_masking":null,"exon_check_flank_length":"100","chr_name":"9","primer_min_tm":"57","target_start":"103752855","region_offset_3R":"1000","primer_max_gc":"60","species":"Mouse","primer_max_tm":"63","chr_strand":"-1","target_genes":["MGI:1932411"],"primer_max_size":"28","software_version":"dev_21-03-2014","primer_opt_size":"25"}	t
\.


--
-- Data for Name: design_comments; Type: TABLE DATA; Schema: public; Owner: wge_admin
--

COPY design_comments (id, design_comment_category_id, design_id, comment_text, is_public, created_by, created_at) FROM stdin;
\.


--
-- Name: design_comments_id_seq; Type: SEQUENCE SET; Schema: public; Owner: wge_admin
--

SELECT pg_catalog.setval('design_comments_id_seq', 1, false);


--
-- Data for Name: design_oligo_loci; Type: TABLE DATA; Schema: public; Owner: wge_admin
--

COPY design_oligo_loci (design_oligo_id, assembly_id, chr_id, chr_start, chr_end, chr_strand) FROM stdin;
1	GRCh37	33	54362728	54362752	-1
2	GRCh37	33	54361545	54361569	-1
3	GRCh37	33	54361398	54361422	-1
4	GRCh37	33	54360895	54360919	-1
5	GRCh37	33	54360772	54360796	-1
6	GRCh37	33	54359467	54359491	-1
7	GRCh37	33	109538382	109538406	1
8	GRCh37	33	109539673	109539697	1
9	GRCh37	33	109539832	109539856	1
10	GRCh37	33	109541151	109541175	1
11	GRCh37	24	66464936	66464960	-1
12	GRCh37	24	66463462	66463486	-1
13	GRCh37	24	66460495	66460519	-1
14	GRCh37	24	66459256	66459280	-1
15	GRCh37	34	32903790	32903814	1
16	GRCh37	34	32904989	32905013	1
17	GRCh37	34	32905173	32905197	1
18	GRCh37	34	32906406	32906430	1
19	GRCh37	24	66464936	66464960	-1
20	GRCh37	24	66463462	66463486	-1
21	GRCh37	24	66463257	66463280	-1
22	GRCh37	24	66461717	66461741	-1
23	GRCh37	25	100004781	100004805	-1
24	GRCh37	25	100003541	100003565	-1
25	GRCh37	25	100002967	100002991	-1
26	GRCh37	25	100001701	100001725	-1
27	GRCm38	4	53130298	53130322	-1
28	GRCm38	4	53128910	53128934	-1
29	GRCm38	4	53109121	53109145	-1
30	GRCm38	4	53107960	53107984	-1
31	GRCm38	19	3370003	3370027	1
32	GRCm38	19	3371246	3371270	1
33	GRCm38	19	3371780	3371804	1
34	GRCm38	19	3373166	3373190	1
35	GRCm38	19	3370179	3370203	1
36	GRCm38	19	3371246	3371270	1
37	GRCm38	19	3371780	3371804	1
38	GRCm38	19	3372849	3372873	1
39	GRCm38	14	63206277	63206301	-1
40	GRCm38	14	63204770	63204794	-1
41	GRCm38	14	63204560	63204584	-1
42	GRCm38	14	63203278	63203302	-1
43	GRCm38	11	120469934	120469958	1
44	GRCm38	11	120471385	120471409	1
45	GRCm38	11	120471671	120471695	1
46	GRCm38	11	120472987	120473011	1
47	GRCh37	40	45409668	45409692	1
48	GRCh37	40	45410994	45411016	1
49	GRCh37	40	45411359	45411383	1
50	GRCh37	40	45412628	45412652	1
51	GRCh37	40	45409019	45409043	1
52	GRCh37	40	45409668	45409692	1
53	GRCh37	40	45410093	45410117	1
54	GRCh37	40	45410867	45410891	1
55	GRCh37	40	45409668	45409692	1
56	GRCh37	40	45410994	45411016	1
57	GRCh37	40	45411359	45411383	1
58	GRCh37	40	45412628	45412652	1
59	GRCh37	40	45409668	45409692	1
60	GRCh37	40	45410994	45411016	1
61	GRCh37	40	45411359	45411383	1
62	GRCh37	40	45412628	45412652	1
63	GRCm38	9	58017055	58017079	1
64	GRCm38	9	58018120	58018143	1
65	GRCm38	9	58018396	58018420	1
66	GRCm38	9	58019633	58019657	1
67	GRCm38	9	120949060	120949084	1
68	GRCm38	9	120950473	120950497	1
69	GRCm38	9	120950752	120950776	1
70	GRCm38	9	120952015	120952039	1
71	GRCm38	7	19698868	19698892	-1
72	GRCm38	7	19697652	19697676	-1
73	GRCm38	7	19697383	19697407	-1
74	GRCm38	7	19696277	19696301	-1
75	GRCm38	9	103754554	103754578	-1
76	GRCm38	9	103753125	103753149	-1
77	GRCm38	9	103752687	103752711	-1
78	GRCm38	9	103751560	103751584	-1
79	GRCh37	37	53842634	53842658	1
80	GRCh37	37	53843993	53844017	1
81	GRCh37	37	53860465	53860489	1
82	GRCh37	37	53861749	53861773	1
83	GRCm38	6	122710247	122710271	1
84	GRCm38	6	122711484	122711508	1
85	GRCm38	6	122711851	122711875	1
86	GRCm38	6	122712956	122712980	1
87	GRCm38	6	64728123	64728147	1
88	GRCm38	6	64729253	64729277	1
89	GRCm38	6	64729772	64729795	1
90	GRCm38	6	64731094	64731118	1
91	GRCm38	6	64728112	64728136	1
92	GRCm38	6	64729253	64729277	1
93	GRCm38	6	64729772	64729795	1
94	GRCm38	6	64731094	64731118	1
95	GRCh37	25	90750612	90750636	-1
96	GRCh37	25	90749354	90749377	-1
97	GRCh37	25	90749225	90749249	-1
98	GRCh37	25	90747747	90747771	-1
99	GRCm38	6	64728123	64728147	1
100	GRCm38	6	64729354	64729376	1
101	GRCm38	6	64729772	64729795	1
102	GRCm38	6	64731094	64731118	1
\.


--
-- Data for Name: gene_design; Type: TABLE DATA; Schema: public; Owner: wge_admin
--

COPY gene_design (gene_id, design_id, created_by, created_at, gene_type_id) FROM stdin;
HGNC:33510	1	2	2014-02-11 15:26:38.711904	HGNC
HGNC:12572	2	2	2014-02-12 15:29:17.569573	HGNC
HGNC:17360	3	2	2014-03-04 13:06:38.412304	HGNC
HGNC:1101	4	2	2014-03-04 13:07:34.985273	HGNC
HGNC:17360	5	2	2014-03-04 17:10:20.549546	HGNC
HGNC:253	6	2	2014-03-05 14:45:44.277075	HGNC
MGI:99607	7	2	2014-03-05 15:02:35.095122	MGI
MGI:1098296	8	2	2014-03-06 09:40:05.805258	MGI
MGI:1098296	9	2	2014-03-06 10:47:28.354891	MGI
MGI:95664	10	2	2014-03-06 12:09:05.254469	MGI
MGI:104681	11	2	2014-03-07 09:57:26.33581	MGI
HGNC:613	12	2	2014-03-14 15:49:11.845304	HGNC
HGNC:613	13	2	2014-03-16 15:00:13.101962	HGNC
HGNC:613	14	2	2014-03-16 15:57:21.215344	HGNC
HGNC:613	15	2	2014-03-17 11:26:54.423086	HGNC
MGI:88582	16	2	2014-03-17 11:42:52.607156	MGI
MGI:88276	17	2	2014-03-17 11:49:21.799772	MGI
MGI:88057	18	2	2014-03-17 12:01:30.050716	MGI
MGI:1932411	19	2	2014-03-21 10:06:23.123738	MGI
HGNC:24678	20	2	2014-04-07 11:01:33.576658	HGNC
MGI:1919200	10000001	2	2014-04-08 20:58:04.733787	MGI
MGI:104654	10000002	2	2014-04-10 15:58:23.110299	MGI
MGI:104654	10000003	2	2014-04-10 16:10:15.7007	MGI
HGNC:11138	10000004	2	2014-04-10 19:09:31.488771	HGNC
MGI:104654	10000005	2	2014-04-11 09:14:41.819113	MGI
\.


--
-- PostgreSQL database dump complete
--

